,0
2006-01-03,0.0
2006-01-04,0.0
2006-01-05,0.0
2006-01-06,0.0
2006-01-09,0.0
2006-01-10,0.0
2006-01-11,0.0
2006-01-12,0.0
2006-01-13,0.0
2006-01-16,0.0
2006-01-17,0.0
2006-01-18,0.0
2006-01-19,0.0
2006-01-20,0.0
2006-01-23,0.0
2006-01-24,0.004042090506357399
2006-01-25,-0.000622839286726351
2006-01-26,-1.9590646986977767e-05
2006-01-27,0.01426900483041349
2006-02-01,-0.0006543098179861984
2006-02-02,0.0
2006-02-03,0.0
2006-02-06,0.0
2006-02-07,0.0
2006-02-08,0.0
2006-02-09,0.00247117756338211
2006-02-10,0.0007717648274117028
2006-02-13,-0.0070132091171394295
2006-02-14,0.006713512414090461
2006-02-15,0.00018115218236181008
2006-02-16,0.0017015364149479684
2006-02-17,0.001525829468075779
2006-02-20,0.007551818928543508
2006-02-21,0.0017412451851763766
2006-02-22,0.0005159290533507388
2006-02-23,0.010751695331752131
2006-02-24,0.0026182706260451383
2006-02-27,0.005630902809984795
2006-02-28,-0.0018742147786259267
2006-03-01,-0.006001455645844311
2006-03-02,0.0
2006-03-03,0.0
2006-03-06,0.0
2006-03-07,0.0
2006-03-08,0.0
2006-03-09,0.0
2006-03-10,0.0
2006-03-13,0.0
2006-03-14,0.0
2006-03-15,0.0
2006-03-16,0.0005245426949511689
2006-03-17,0.004386211975810017
2006-03-20,0.00771481355231618
2006-03-21,-0.00042966253180343195
2006-03-22,-0.016712698758385658
2006-03-23,-1.1102230246251565e-16
2006-03-24,0.0
2006-03-27,0.0
2006-03-28,0.0
2006-03-29,0.0
2006-03-30,0.0
2006-03-31,0.0
2006-04-03,0.0
2006-04-04,0.0
2006-04-06,0.0
2006-04-07,0.0
2006-04-10,0.0
2006-04-11,0.0
2006-04-12,0.0
2006-04-13,0.0
2006-04-18,0.0
2006-04-19,0.0
2006-04-20,0.0
2006-04-21,0.0
2006-04-24,0.0
2006-04-25,-0.007273279072314898
2006-04-26,0.005435636946448552
2006-04-27,0.003998995940491579
2006-04-28,-0.004627712899433423
2006-05-02,0.01178640633429251
2006-05-03,2.220446049250313e-16
2006-05-04,0.0
2006-05-08,0.0
2006-05-09,0.0
2006-05-10,0.0
2006-05-11,0.003347688809344218
2006-05-12,-0.013244634125541555
2006-05-15,-0.022864666203885053
2006-05-16,-0.005848629526732818
2006-05-17,0.012863686246779915
2006-05-18,0.0
2006-05-19,0.0
2006-05-22,0.0
2006-05-23,0.0
2006-05-24,0.0
2006-05-25,0.0
2006-05-26,0.0
2006-05-29,0.0
2006-05-30,0.0
2006-06-01,0.0
2006-06-02,0.0
2006-06-05,0.0
2006-06-06,0.0
2006-06-07,0.0
2006-06-08,0.0
2006-06-09,0.0
2006-06-12,0.0
2006-06-13,0.0
2006-06-14,0.0
2006-06-15,0.0
2006-06-16,0.02508516314784237
2006-06-19,-0.004430495330585038
2006-06-20,-0.009642829550288723
2006-06-21,0.0030685676031811937
2006-06-22,0.010159222696414005
2006-06-23,-0.001075180113466745
2006-06-26,-0.0002406567624376743
2006-06-27,-0.0018119798444519164
2006-06-28,-0.0019316247484804094
2006-06-29,0.007403186857283028
2006-06-30,0.0
2006-07-03,0.0
2006-07-04,0.0
2006-07-05,0.0
2006-07-06,0.0
2006-07-07,0.0
2006-07-10,0.0
2006-07-11,0.0
2006-07-12,0.0
2006-07-13,0.0
2006-07-14,-0.009891245151936623
2006-07-17,-0.004171498510749938
2006-07-18,-0.001233823559872116
2006-07-19,0.0031711992333320893
2006-07-20,0.022121144377458046
2006-07-21,0.0
2006-07-24,0.0
2006-07-25,0.0
2006-07-26,0.0
2006-07-27,0.0
2006-07-28,0.0021491395816104486
2006-07-31,0.0009134008408420158
2006-08-01,-0.0033574638679187974
2006-08-02,0.006818439843800039
2006-08-03,0.0008742904117124972
2006-08-04,0.0
2006-08-07,0.0
2006-08-08,0.0
2006-08-09,0.0
2006-08-10,0.0
2006-08-11,0.0
2006-08-14,0.0
2006-08-15,0.0
2006-08-16,0.0
2006-08-17,0.0
2006-08-18,-0.002315799471019675
2006-08-21,-0.0176935457838866
2006-08-22,0.007915858313968238
2006-08-23,-0.0033967885745019855
2006-08-24,-0.011406583656787594
2006-08-25,0.004068569287176915
2006-08-28,-0.0018556425328677406
2006-08-29,0.009025792412882483
2006-08-30,0.011192016080929124
2006-08-31,0.005910188524845816
2006-09-01,0.0
2006-09-04,0.0
2006-09-05,0.0
2006-09-06,0.0
2006-09-07,0.0
2006-09-08,0.0
2006-09-11,0.0
2006-09-12,0.0
2006-09-13,0.0
2006-09-14,0.0
2006-09-15,0.0
2006-09-18,0.0
2006-09-19,0.0
2006-09-20,0.0
2006-09-21,0.0
2006-09-22,0.0
2006-09-25,0.0
2006-09-26,0.0
2006-09-27,0.0
2006-09-28,0.0
2006-09-29,0.0
2006-10-03,0.0
2006-10-04,0.0
2006-10-05,0.0
2006-10-06,0.0
2006-10-09,-0.012106226809559417
2006-10-10,0.008135346170041524
2006-10-11,0.0019228531819950323
2006-10-12,0.0005477245222733629
2006-10-13,0.0061529471560350935
2006-10-16,0.0011272430422573088
2006-10-17,0.0002448227935352154
2006-10-18,0.0017539580663121779
2006-10-19,-0.003218472738681033
2006-10-20,0.006687004258682627
2006-10-23,-0.001243713625588505
2006-10-24,0.0033396150455129447
2006-10-25,0.00023722626027167237
2006-10-26,0.010251188846644999
2006-10-27,-0.0029119989133296054
2006-10-31,0.0
2006-11-01,0.0
2006-11-02,0.0
2006-11-03,0.0
2006-11-06,0.0
2006-11-07,0.00013846239151282802
2006-11-08,-0.006424066479780666
2006-11-09,0.007149672415400543
2006-11-10,-0.003093808691721933
2006-11-13,-0.0011363750340361856
2006-11-14,-1.1102230246251565e-16
2006-11-15,0.0
2006-11-16,0.0
2006-11-17,0.0
2006-11-20,0.0
2006-11-21,0.0
2006-11-22,0.0
2006-11-23,0.0
2006-11-24,0.0
2006-11-27,0.0
2006-11-28,0.0
2006-11-29,0.0
2006-11-30,0.0
2006-12-01,0.0
2006-12-04,0.0
2006-12-05,0.0
2006-12-06,0.0
2006-12-07,0.0
2006-12-08,0.0
2006-12-11,0.0
2006-12-12,0.0
2006-12-13,0.0
2006-12-14,0.0
2006-12-15,0.0
2006-12-18,0.0
2006-12-19,-0.011303236455545318
2006-12-20,0.013795949698060195
2006-12-21,-0.0008533218226373096
2006-12-22,0.004827758267781812
2006-12-27,0.0199309681904285
2006-12-28,0.013318940789597056
2006-12-29,-0.0017699356660283438
2007-01-02,0.016470183032786023
2007-01-03,0.004840918724657861
2007-01-04,-0.018102047693127954
2007-01-05,-1.1102230246251565e-16
2007-01-08,0.0
2007-01-09,0.0
2007-01-10,0.0
2007-01-11,0.0
2007-01-12,0.01117533480145072
2007-01-15,0.022058581957522083
2007-01-16,-0.0019256628118220487
2007-01-17,0.0017398135340378484
2007-01-18,0.010099193184830435
2007-01-19,0.0
2007-01-22,0.0
2007-01-23,0.0
2007-01-24,0.0
2007-01-25,0.0
2007-01-26,-0.01786492680394569
2007-01-29,-0.0020801145189803805
2007-01-30,0.010494000309749119
2007-01-31,-0.016430031495640374
2007-02-01,0.015274857464819158
2007-02-02,0.0
2007-02-05,0.0
2007-02-06,0.0
2007-02-07,0.0
2007-02-08,0.0
2007-02-09,0.0
2007-02-12,0.0
2007-02-13,0.0
2007-02-14,0.0
2007-02-15,0.0
2007-02-16,0.0013640533205574457
2007-02-21,0.003857474475827294
2007-02-22,0.0072615116801166835
2007-02-23,-0.004457702640732308
2007-02-26,-0.009347201250679338
2007-02-27,-1.1102230246251565e-16
2007-02-28,0.0
2007-03-01,0.0
2007-03-02,0.0
2007-03-05,0.0
2007-03-06,0.0
2007-03-07,0.0
2007-03-08,0.0
2007-03-09,0.0
2007-03-12,0.0
2007-03-13,0.0
2007-03-14,0.0
2007-03-15,0.0
2007-03-16,0.0
2007-03-19,0.0
2007-03-20,0.004445588615406448
2007-03-21,0.007830272350828782
2007-03-22,0.00846742321347449
2007-03-23,0.00011543501957844704
2007-03-26,0.0035355742070508622
2007-03-27,-0.0028421711083050916
2007-03-28,-0.007380013627274473
2007-03-29,0.013025631369993018
2007-03-30,-0.0010006806093230125
2007-04-02,0.0004213313996372925
2007-04-03,0.00926826832048766
2007-04-04,0.009849767869240189
2007-04-10,0.006509688761519694
2007-04-11,0.0047542567590856954
2007-04-12,-0.0032250145663657026
2007-04-13,-0.0018341377674220283
2007-04-16,0.019506430600270575
2007-04-17,0.0014275498506852724
2007-04-18,-0.0005283761632730588
2007-04-19,-0.02190707976410966
2007-04-20,0.0
2007-04-23,0.0
2007-04-24,0.0
2007-04-25,0.0
2007-04-26,0.0
2007-04-27,-0.00647160319519402
2007-04-30,-0.009601072430790558
2007-05-02,0.003247109351310673
2007-05-03,0.013647173400423318
2007-05-04,0.007326821017234586
2007-05-07,0.002533650662894349
2007-05-08,-0.008655686229069981
2007-05-09,0.0063517184296650875
2007-05-10,-0.004491501461263536
2007-05-11,-0.012735170765123094
2007-05-14,0.0237071301899916
2007-05-15,-0.005034215785734708
2007-05-16,0.0031476729887327526
2007-05-17,0.0026038578197329354
2007-05-18,-0.004065235393391431
2007-05-21,0.00104171440502987
2007-05-22,-0.00380777143301958
2007-05-23,-0.0020495473297363898
2007-05-25,-0.012715928802014442
2007-05-28,0.00042113228661455615
2007-05-29,-1.1102230246251565e-16
2007-05-30,0.0
2007-05-31,0.0
2007-06-01,0.0
2007-06-04,0.0
2007-06-05,0.0
2007-06-06,0.0
2007-06-07,0.0
2007-06-08,0.0
2007-06-11,0.0
2007-06-12,0.0009631107482770407
2007-06-13,-0.0026536023507239825
2007-06-14,0.013317623059050598
2007-06-15,0.006823435219298624
2007-06-18,0.025601215260943277
2007-06-20,0.004490046678542248
2007-06-21,0.011857865932702438
2007-06-22,0.001963567592792259
2007-06-25,-0.007691596009591906
2007-06-26,-0.0008198232819243145
2007-06-27,-0.004282045124195499
2007-06-28,0.010208601136854512
2007-06-29,-0.007187952624632232
2007-07-03,0.016554993564777742
2007-07-04,0.002901081039391462
2007-07-05,0.0014778847809080453
2007-07-06,0.011944031682664669
2007-07-09,0.012096914647277135
2007-07-10,0.0028620490129773746
2007-07-11,-0.011631619919312164
2007-07-12,0.0
2007-07-13,0.0
2007-07-16,0.0
2007-07-17,0.0
2007-07-18,0.0
2007-07-19,0.0
2007-07-20,0.0
2007-07-23,0.0
2007-07-24,0.0
2007-07-25,0.0
2007-07-26,0.0
2007-07-27,0.0
2007-07-30,0.0
2007-07-31,0.0
2007-08-01,0.0
2007-08-02,0.0
2007-08-03,0.0
2007-08-06,0.0
2007-08-07,0.0
2007-08-08,0.0
2007-08-09,0.0
2007-08-10,0.0
2007-08-13,0.0
2007-08-14,0.0
2007-08-15,0.0
2007-08-16,-0.031258058208097794
2007-08-17,-0.013086865174072981
2007-08-20,0.05617750874358274
2007-08-21,0.0058853903687829945
2007-08-22,0.027020194233345007
2007-08-23,0.0264183780286249
2007-08-24,-0.0018711599380577537
2007-08-27,0.027273338318760443
2007-08-28,-0.008661782392635597
2007-08-29,-0.014012937730755404
2007-08-30,0.0
2007-08-31,0.0
2007-09-03,0.0
2007-09-04,0.0
2007-09-05,0.0
2007-09-06,0.0
2007-09-07,0.0
2007-09-10,0.0
2007-09-11,0.0
2007-09-12,0.0
2007-09-13,0.0
2007-09-14,0.0
2007-09-17,0.0
2007-09-18,0.0
2007-09-19,0.0
2007-09-20,0.005445801623501945
2007-09-21,0.0052743257513954145
2007-09-24,0.026046056259391825
2007-09-25,-0.004360696285102161
2007-09-27,0.02285702266584555
2007-09-28,0.0027215643552209734
2007-10-02,0.03711388562095763
2007-10-03,-0.024363396597441245
2007-10-04,-0.01755286680841761
2007-10-05,0.030281478137783147
2007-10-08,-0.0020986066797230585
2007-10-09,0.01572198998843355
2007-10-10,0.011540586245571527
2007-10-11,0.0188434892920728
2007-10-12,-0.009667628775626658
2007-10-15,0.02327143857470282
2007-10-16,-0.01898059105621608
2007-10-17,0.011358591636358106
2007-10-18,0.00542819726625976
2007-10-22,-0.035424177214738006
2007-10-23,0.0
2007-10-24,0.0
2007-10-25,0.0
2007-10-26,0.0
2007-10-29,0.0
2007-10-30,0.0
2007-10-31,0.0
2007-11-01,0.0
2007-11-02,0.0
2007-11-05,0.0
2007-11-06,0.016274420986292837
2007-11-07,0.008746371693020505
2007-11-08,-0.030376012456371226
2007-11-09,0.0007657635345981184
2007-11-12,-0.03687898612484575
2007-11-13,0.0
2007-11-14,0.0
2007-11-15,0.0
2007-11-16,0.0
2007-11-19,0.0
2007-11-20,0.010760603448558559
2007-11-21,-0.03946471022232656
2007-11-22,-0.021852970160976093
2007-11-23,0.019532468040440287
2007-11-26,0.03878782086492949
2007-11-27,0.0
2007-11-28,0.0
2007-11-29,0.0
2007-11-30,0.0
2007-12-03,0.0
2007-12-04,0.0073315800382576235
2007-12-05,0.015330429952767233
2007-12-06,0.0069187615059869145
2007-12-07,-0.02306125640143386
2007-12-10,-0.011247476547706636
2007-12-11,2.220446049250313e-16
2007-12-12,0.0
2007-12-13,0.0
2007-12-14,0.0
2007-12-17,0.0
2007-12-18,0.004868125901901665
2007-12-19,0.010535430490294262
2007-12-20,-0.0004280827940966736
2007-12-21,0.02146010949114463
2007-12-24,0.017290264080637385
2007-12-27,-0.00968111615104239
2007-12-28,-0.01615203768455431
2007-12-31,0.015364739200887545
2008-01-02,-0.008630903172515136
2008-01-03,-0.02324696464198961
2008-01-04,0.0
2008-01-07,0.0
2008-01-08,0.0
2008-01-09,0.0
2008-01-10,0.0
2008-01-11,0.0
2008-01-14,0.0
2008-01-15,0.0
2008-01-16,0.0
2008-01-17,0.0
2008-01-18,0.0
2008-01-21,0.0
2008-01-22,0.0
2008-01-23,0.0
2008-01-24,0.0
2008-01-25,0.06389089381276469
2008-01-28,-0.04054279771986158
2008-01-29,0.009417409175244806
2008-01-30,-0.024993822197239557
2008-01-31,-0.007952162826329823
2008-02-01,2.220446049250313e-16
2008-02-04,0.0
2008-02-05,0.0
2008-02-06,0.0
2008-02-11,0.0
2008-02-12,0.012835186953016997
2008-02-13,0.010280361918193037
2008-02-14,0.034980890487798844
2008-02-15,0.0050273676051899585
2008-02-18,-0.015359083449215771
2008-02-19,0.014586222406603344
2008-02-20,-0.02103976839145083
2008-02-21,0.0013082655567115964
2008-02-22,-0.012814084522636993
2008-02-25,-0.0014655835915829973
2008-02-26,-2.220446049250313e-16
2008-02-27,0.0
2008-02-28,0.0
2008-02-29,0.0
2008-03-03,0.0
2008-03-04,-0.01873417689316559
2008-03-05,-0.00022700045909951339
2008-03-06,0.009377288658552585
2008-03-07,-0.03422545097928731
2008-03-10,0.008580341692088433
2008-03-11,-2.220446049250313e-16
2008-03-12,0.0
2008-03-13,0.0
2008-03-14,0.0
2008-03-17,0.0
2008-03-18,0.0
2008-03-19,0.0
2008-03-20,0.0
2008-03-25,0.0
2008-03-26,0.0
2008-03-27,0.001982998636866906
2008-03-28,0.02606332900440056
2008-03-31,-0.01784377793650871
2008-04-01,0.011991063593157936
2008-04-02,0.03021108055264854
2008-04-03,0.0
2008-04-07,0.0
2008-04-08,0.0
2008-04-09,0.0
2008-04-10,0.0
2008-04-11,0.018880126182965418
2008-04-14,-0.03302096143584943
2008-04-15,0.0035930976905367285
2008-04-16,-0.0009128344307718361
2008-04-17,0.01513278294619469
2008-04-18,-0.0023962119394028703
2008-04-21,0.02056827045524101
2008-04-22,0.008366328788428357
2008-04-23,0.013356017331854542
2008-04-24,0.014740470774248227
2008-04-25,-0.006084488631144747
2008-04-28,0.005580858470172645
2008-04-29,0.009200686119616996
2008-04-30,-0.005840993603887457
2008-05-02,0.017968906922797956
2008-05-05,0.0
2008-05-06,0.0
2008-05-07,0.0
2008-05-08,0.0
2008-05-09,0.0
2008-05-13,0.0
2008-05-14,0.0
2008-05-15,0.0
2008-05-16,0.0
2008-05-19,0.0
2008-05-20,-0.021137698637608393
2008-05-21,0.010964656718045696
2008-05-22,-0.015557253644611801
2008-05-23,-0.01246497164425553
2008-05-26,-0.02250802508233407
2008-05-27,-3.3306690738754696e-16
2008-05-28,0.0
2008-05-29,0.0
2008-05-30,0.0
2008-06-02,0.0
2008-06-03,-0.017430378360267063
2008-06-04,-0.00983192027063906
2008-06-05,0.005192259147037248
2008-06-06,0.0057463746793759984
2008-06-10,-0.03993372977712284
2008-06-11,0.0
2008-06-12,0.0
2008-06-13,0.0
2008-06-16,0.0
2008-06-17,0.0
2008-06-18,0.0
2008-06-19,0.0
2008-06-20,0.0
2008-06-23,0.0
2008-06-24,0.0
2008-06-25,0.007578502334786075
2008-06-26,-0.007536195975966664
2008-06-27,-0.01748572605492471
2008-06-30,0.0025688670599173236
2008-07-02,-0.01707445493014037
2008-07-03,2.220446049250313e-16
2008-07-04,0.0
2008-07-07,0.0
2008-07-08,0.0
2008-07-09,0.0
2008-07-10,0.0006957549387065498
2008-07-11,0.01579358380373508
2008-07-14,-0.007289917946325275
2008-07-15,-0.036252704192448304
2008-07-16,0.0021830046719086837
2008-07-17,0.022851728531954052
2008-07-18,0.006095078981544599
2008-07-21,0.028612365791768513
2008-07-22,-0.00022887958509021367
2008-07-23,0.02564164924130008
2008-07-24,-0.0019285712706540448
2008-07-25,-0.014318314651109776
2008-07-28,-0.002239582197293477
2008-07-29,-0.01800763939983574
2008-07-30,0.01848269766163968
2008-07-31,0.0
2008-08-01,0.0
2008-08-04,0.0
2008-08-05,0.0
2008-08-07,0.0
2008-08-08,-0.009411808615557349
2008-08-11,-0.0011224114438880273
2008-08-12,-0.00948845357924022
2008-08-13,-0.015241444520856184
2008-08-14,0.004425850844460122
2008-08-15,-0.010291234466295984
2008-08-18,-0.010298800519300655
2008-08-19,-0.020200009561993748
2008-08-20,0.02064371686342592
2008-08-21,-0.024404110032502646
2008-08-25,0.0330649726846326
2008-08-26,-0.002161381122703032
2008-08-27,0.01836450426421643
2008-08-28,-0.021761881152515872
2008-08-29,0.013082956773909915
2008-09-01,-0.015856220089691564
2008-09-02,0.006169094649439266
2008-09-03,-0.020598185958391912
2008-09-04,-0.008992829346203268
2008-09-05,-0.02116656547115303
2008-09-08,0.0
2008-09-09,0.0
2008-09-10,0.0
2008-09-11,0.0
2008-09-12,0.0
2008-09-16,-0.05165507495000743
2008-09-17,-0.03433996026147912
2008-09-18,-0.000253540947455444
2008-09-19,0.0908941578629594
2008-09-22,0.014964388850456256
2008-09-23,0.0
2008-09-24,0.0
2008-09-25,0.0
2008-09-26,0.0
2008-09-29,0.0
2008-09-30,0.0
2008-10-02,0.0
2008-10-03,0.0
2008-10-06,0.0
2008-10-08,0.0
2008-10-09,0.031489308068505695
2008-10-10,-0.06841779458286734
2008-10-13,0.09707755539914631
2008-10-14,0.030408150262551503
2008-10-15,-0.04729818024381027
2008-10-16,-2.220446049250313e-16
2008-10-17,0.0
2008-10-20,0.0
2008-10-21,0.0
2008-10-22,0.0
2008-10-23,-0.03370140748321271
2008-10-24,-0.07870452597385469
2008-10-27,-0.11986757360230571
2008-10-28,0.13431532732208584
2008-10-29,0.007925279295490695
2008-10-30,0.0
2008-10-31,0.0
2008-11-03,0.0
2008-11-04,0.0
2008-11-05,0.0
2008-11-06,-0.06722393828637951
2008-11-07,0.03111569938073533
2008-11-10,0.0333588670820375
2008-11-11,-0.045326806878636106
2008-11-12,-0.006868861659970693
2008-11-13,-0.0487590105178769
2008-11-14,0.022946762439145285
2008-11-17,-0.0009166612468751723
2008-11-18,-0.04288012967061616
2008-11-19,-0.0073074656991469755
2008-11-20,0.0
2008-11-21,0.0
2008-11-24,0.0
2008-11-25,0.0
2008-11-26,0.0
2008-11-27,0.012975814263114671
2008-11-28,0.02358212084025091
2008-12-01,0.015117981319189955
2008-12-02,-0.047459255683172885
2008-12-03,0.012956513824573745
2008-12-04,-0.00551904982136342
2008-12-05,0.023661415679834708
2008-12-08,0.0823918204970564
2008-12-09,-0.01851919434528193
2008-12-10,0.05334325249847094
2008-12-11,0.0
2008-12-12,0.0
2008-12-15,0.0
2008-12-16,0.0
2008-12-17,0.0
2008-12-18,0.00229135242540357
2008-12-19,-0.022701744788660938
2008-12-22,-0.03168640480269613
2008-12-23,-0.02601693166801411
2008-12-24,-0.0024377263062262955
2008-12-29,0.009624045100073753
2008-12-30,-0.006140458566728957
2008-12-31,0.01009886791761283
2009-01-02,0.04311043621788091
2009-01-05,0.032825610422090534
2009-01-06,-0.0032850906216768117
2009-01-07,-0.031982044566086554
2009-01-08,-0.036171368505453216
2009-01-09,-0.002525998417004627
2009-01-12,-0.026755048680000226
2009-01-13,0.0
2009-01-14,0.0
2009-01-15,0.0
2009-01-16,0.0
2009-01-19,0.0
2009-01-20,-0.027077156729502616
2009-01-21,-0.02753209257479594
2009-01-22,0.005596980631699333
2009-01-23,-0.005942323131966298
2009-01-29,0.043358391848181466
2009-01-30,-1.1102230246251565e-16
2009-02-02,0.0
2009-02-03,0.0
2009-02-04,0.0
2009-02-05,0.0
2009-02-06,0.03432251553619814
2009-02-09,0.007946383133499157
2009-02-10,0.00771502593388762
2009-02-11,-0.0234269082643358
2009-02-12,-0.02184455670687968
2009-02-13,-1.1102230246251565e-16
2009-02-16,0.0
2009-02-17,0.0
2009-02-18,0.0
2009-02-19,0.0
2009-02-20,-0.023648313492063533
2009-02-23,0.03555800281069077
2009-02-24,-0.02716921562940544
2009-02-25,0.015318941913206485
2009-02-26,-0.008044982951706636
2009-02-27,0.0
2009-03-02,0.0
2009-03-03,0.0
2009-03-04,0.0
2009-03-05,0.0
2009-03-06,0.0
2009-03-09,0.0
2009-03-10,0.0
2009-03-11,0.0
2009-03-12,0.0
2009-03-13,0.04149941715764549
2009-03-16,0.0342702936613144
2009-03-17,-0.007247010759864336
2009-03-18,0.01769684926176507
2009-03-19,0.0010000851364340146
2009-03-20,-0.021610047779828334
2009-03-23,0.04559244510065774
2009-03-24,0.0328799905466306
2009-03-25,-0.01982052059083006
2009-03-26,0.034157280353023456
2009-03-27,0.0
2009-03-30,0.0
2009-03-31,0.0
2009-04-01,0.0
2009-04-02,0.0
2009-04-03,0.0
2009-04-06,0.0
2009-04-07,0.0
2009-04-08,0.0
2009-04-09,0.0
2009-04-14,0.0
2009-04-15,0.0
2009-04-16,0.0
2009-04-17,0.0
2009-04-20,0.0
2009-04-21,-0.02804720489165391
2009-04-22,-0.02528345646565
2009-04-23,0.021391766412079516
2009-04-24,0.0027668603347523746
2009-04-27,-0.026009076613773163
2009-04-28,-0.018208082127405434
2009-04-29,0.02612046609966545
2009-04-30,0.035730517913069804
2009-05-04,0.05260310551704328
2009-05-05,0.0028489175507842024
2009-05-06,2.220446049250313e-16
2009-05-07,0.0
2009-05-08,0.0
2009-05-11,0.0
2009-05-12,0.0
2009-05-13,0.0
2009-05-14,0.0
2009-05-15,0.0
2009-05-18,0.0
2009-05-19,0.0
2009-05-20,-0.003692452646284816
2009-05-21,-0.015019666605250892
2009-05-22,-0.007557857865701179
2009-05-25,0.003297028948803682
2009-05-26,-0.007218544110646374
2009-05-27,0.0
2009-05-29,0.0
2009-06-01,0.0
2009-06-02,0.0
2009-06-03,0.0
2009-06-04,0.0
2009-06-05,0.0
2009-06-08,0.0
2009-06-09,0.0
2009-06-10,0.0
2009-06-11,0.0
2009-06-12,0.0
2009-06-15,0.0
2009-06-16,0.0
2009-06-17,0.0
2009-06-18,-0.016176359996903478
2009-06-19,0.0077032408338171265
2009-06-22,0.007344981111308213
2009-06-23,-0.027414119610687404
2009-06-24,0.01913338802140996
2009-06-25,0.020318434948271014
2009-06-26,0.01691540643393541
2009-06-29,-0.003669686096679725
2009-06-30,-0.007688781037412884
2009-07-02,-0.010381494011919679
2009-07-03,0.0
2009-07-06,0.0
2009-07-07,0.0
2009-07-08,0.0
2009-07-09,0.0
2009-07-10,-0.004387797144445593
2009-07-13,-0.02433873289180577
2009-07-14,0.034693024210730616
2009-07-15,0.01981343520847556
2009-07-16,0.005376919156580007
2009-07-17,0.022996425194670378
2009-07-20,0.035290738452894876
2009-07-21,-3.131312033644029e-05
2009-07-22,-0.012406255341873895
2009-07-23,0.02821618196041986
2009-07-24,0.0
2009-07-27,0.0
2009-07-28,0.0
2009-07-29,0.0
2009-07-30,0.0
2009-07-31,0.01592795422376514
2009-08-03,0.010810932427628206
2009-08-04,-0.0004951488312421315
2009-08-05,-0.01379876193600238
2009-08-06,0.018760446349871174
2009-08-07,-0.023851094091809633
2009-08-10,0.025846160840429455
2009-08-11,0.00657847129814626
2009-08-12,-0.028861526563300655
2009-08-13,0.019816567607573665
2009-08-14,0.0014608060062011319
2009-08-17,-0.0344143505621366
2009-08-18,0.007952797649483978
2009-08-19,-0.016472619438225866
2009-08-20,0.017823243906662345
2009-08-21,0.0
2009-08-24,0.0
2009-08-25,0.0
2009-08-26,0.0
2009-08-27,0.0
2009-08-28,-0.006764076027219734
2009-08-31,-0.017691811873538188
2009-09-01,0.007124235915957566
2009-09-02,-0.01673058014569262
2009-09-03,0.011642067871073358
2009-09-04,0.026741136486044148
2009-09-07,0.01452906821527633
2009-09-08,0.02030448158567033
2009-09-09,-0.009883345221192386
2009-09-10,0.009970593822937746
2009-09-11,2.220446049250313e-16
2009-09-14,0.0
2009-09-15,0.0
2009-09-16,0.0
2009-09-17,0.0
2009-09-18,-0.00633056649260777
2009-09-21,-0.00661420944108948
2009-09-22,0.010093038167582336
2009-09-23,-0.004622956562227443
2009-09-24,-0.02395604700287146
2009-09-25,0.0
2009-09-28,0.0
2009-09-29,0.0
2009-09-30,0.0
2009-10-02,0.0
2009-10-05,0.002498148510784004
2009-10-06,0.017787625821908515
2009-10-07,0.019651868461193933
2009-10-08,0.011262444108096625
2009-10-09,0.00028982560293600024
2009-10-12,2.220446049250313e-16
2009-10-13,0.0
2009-10-14,0.0
2009-10-15,0.0
2009-10-16,0.0
2009-10-19,0.01172061888107101
2009-10-20,0.007899920547825179
2009-10-21,-0.002839947774385676
2009-10-22,-0.004583697807129861
2009-10-23,0.016230021784075843
2009-10-27,-0.017694623715214908
2009-10-28,-0.01749329366839747
2009-10-29,-0.02167021528161961
2009-10-30,0.021761708851420813
2009-11-02,-0.005792096916597322
2009-11-03,-0.016691112787303397
2009-11-04,0.016732408748254768
2009-11-05,-0.005959424982096562
2009-11-06,0.015492227306955098
2009-11-09,0.016438880464236583
2009-11-10,0.0
2009-11-11,0.0
2009-11-12,0.0
2009-11-13,0.0
2009-11-16,0.0
2009-11-17,0.0
2009-11-18,0.0
2009-11-19,0.0
2009-11-20,0.0
2009-11-23,0.0
2009-11-24,0.0
2009-11-25,0.0
2009-11-26,0.0
2009-11-27,0.0
2009-11-30,0.0
2009-12-01,0.012696996081845935
2009-12-02,0.007584156755862104
2009-12-03,0.011276525754893685
2009-12-04,-0.0023508197703434597
2009-12-07,-0.007324081846688757
2009-12-08,0.0
2009-12-09,0.0
2009-12-10,0.0
2009-12-11,0.0
2009-12-14,0.0
2009-12-15,-0.0116925393070193
2009-12-16,-0.008799491412477156
2009-12-17,-0.011596921264441229
2009-12-18,-0.007629929403191182
2009-12-21,-0.010196842348587976
2009-12-22,0.006510026847201811
2009-12-23,0.010636076038353481
2009-12-24,0.008370404253313035
2009-12-28,-0.0016217354602335865
2009-12-29,0.0008488414016847301
2009-12-30,0.0
2009-12-31,0.0
2010-01-04,0.0
2010-01-05,0.0
2010-01-06,0.0
2010-01-07,0.0
2010-01-08,0.0
2010-01-11,0.0
2010-01-12,0.0
2010-01-13,0.0
2010-01-14,0.0
2010-01-15,0.0
2010-01-18,0.0
2010-01-19,0.0
2010-01-20,0.0
2010-01-21,-0.01890076984257849
2010-01-22,-0.006208890173241555
2010-01-25,-0.005842124474253474
2010-01-26,-0.022525108042090403
2010-01-27,-0.0035921450888064532
2010-01-28,0.015283598874885174
2010-01-29,-0.010913224910625074
2010-02-01,0.005731955368725394
2010-02-02,0.0013307386512262376
2010-02-03,0.021030730413965415
2010-02-04,0.0
2010-02-05,0.0
2010-02-08,0.0
2010-02-09,0.0
2010-02-10,0.0
2010-02-11,0.017570657286185787
2010-02-12,-0.0010309651365325578
2010-02-17,0.01244627121829045
2010-02-18,-0.005182891313183502
2010-02-19,-0.024597721441867004
2010-02-22,0.023075022756482433
2010-02-23,0.011468879082984884
2010-02-24,-0.00716423544808531
2010-02-25,-0.003168298919241974
2010-02-26,0.009750510442523508
2010-03-01,0.0
2010-03-02,0.0
2010-03-03,0.0
2010-03-04,0.0
2010-03-05,0.0
2010-03-08,0.0
2010-03-09,0.0
2010-03-10,0.0
2010-03-11,0.0
2010-03-12,0.0
2010-03-15,-0.005851462582756817
2010-03-16,-0.0025307043203637303
2010-03-17,0.016331189730562023
2010-03-18,-0.0023919157933739443
2010-03-19,0.0017886599498464495
2010-03-22,-0.019458692755423113
2010-03-23,0.0024730661076324267
2010-03-24,0.0009428122778749604
2010-03-25,-0.01039868067807892
2010-03-26,0.012539933984482277
2010-03-29,0.008314158225072754
2010-03-30,0.006144835204840771
2010-03-31,-0.006021939680212585
2010-04-01,0.013314306314953228
2010-04-07,0.017294167454243947
2010-04-08,0.0
2010-04-09,0.0
2010-04-12,0.0
2010-04-13,0.0
2010-04-14,0.0
2010-04-15,0.0015627606352752732
2010-04-16,-0.012544321796706948
2010-04-19,-0.019978248993964054
2010-04-20,0.009668376678438673
2010-04-21,-0.004934687081989075
2010-04-22,0.0
2010-04-23,0.0
2010-04-26,0.0
2010-04-27,0.0
2010-04-28,0.0
2010-04-29,-0.007730818066388756
2010-04-30,0.015066138001382123
2010-05-03,-0.013381993490668487
2010-05-04,-0.002204530810497096
2010-05-05,-0.019917541897908397
2010-05-06,0.0
2010-05-07,0.0
2010-05-10,0.0
2010-05-11,0.0
2010-05-12,0.0
2010-05-13,0.00986872473406275
2010-05-14,-0.012893346874086498
2010-05-17,-0.020285021680962023
2010-05-18,0.011056346852361898
2010-05-19,-0.01741940421581123
2010-05-20,0.0
2010-05-24,0.0
2010-05-25,0.0
2010-05-26,0.0
2010-05-27,0.0
2010-05-28,0.0
2010-05-31,0.0
2010-06-01,0.0
2010-06-02,0.0
2010-06-03,0.0
2010-06-04,-0.0003187998409033277
2010-06-07,-0.019303146619568112
2010-06-08,0.00535418111574959
2010-06-09,0.006515697021831857
2010-06-10,0.0005546240358937915
2010-06-11,0.0
2010-06-14,0.0
2010-06-15,0.0
2010-06-17,0.0
2010-06-18,0.0
2010-06-21,0.0
2010-06-22,0.0
2010-06-23,0.0
2010-06-24,0.0
2010-06-25,0.0
2010-06-28,0.0
2010-06-29,0.0
2010-06-30,0.0
2010-07-02,0.0
2010-07-05,0.0
2010-07-06,0.011582586608339884
2010-07-07,-0.010746175871451769
2010-07-08,0.00925727626406636
2010-07-09,0.015553532504909207
2010-07-12,0.004143680002940409
2010-07-13,-0.001690703421240558
2010-07-14,0.006041800510224293
2010-07-15,-0.014125807656995226
2010-07-16,-0.000256338674241241
2010-07-19,-0.007476583263807068
2010-07-20,0.0
2010-07-21,0.0
2010-07-22,0.0
2010-07-23,0.0
2010-07-26,0.0
2010-07-27,0.0
2010-07-28,0.0
2010-07-29,0.0
2010-07-30,0.0
2010-08-02,0.0
2010-08-03,0.0
2010-08-04,0.0
2010-08-05,0.0
2010-08-06,0.0
2010-08-09,0.0
2010-08-10,-0.014292099796391011
2010-08-11,-0.007915635363323292
2010-08-12,-0.00841413717259587
2010-08-13,-0.0015341639915491534
2010-08-16,0.0018250128114500885
2010-08-17,0.0011370389278064774
2010-08-18,-0.005146987067654707
2010-08-19,0.0022431029102008004
2010-08-20,-0.004079224056810271
2010-08-23,-0.004193992443968675
2010-08-24,-2.220446049250313e-16
2010-08-25,0.0
2010-08-26,0.0
2010-08-27,0.0
2010-08-30,0.0
2010-08-31,-0.009195711864946166
2010-09-01,0.004038298152244879
2010-09-02,0.011286531697000113
2010-09-03,0.004671145391922815
2010-09-06,0.017416995574286886
2010-09-07,-2.220446049250313e-16
2010-09-08,0.0
2010-09-09,0.0
2010-09-10,0.0
2010-09-13,0.0
2010-09-14,0.0
2010-09-15,0.0
2010-09-16,0.0
2010-09-17,0.0
2010-09-20,0.0
2010-09-21,0.0
2010-09-22,0.0
2010-09-24,0.0
2010-09-27,0.0
2010-09-28,0.0
2010-09-29,0.0
2010-09-30,0.0
2010-10-04,0.0
2010-10-05,0.0
2010-10-06,0.0
2010-10-07,0.00016234411883364608
2010-10-08,0.002484997842062908
2010-10-11,0.010896368624695452
2010-10-12,-0.0035069476410317657
2010-10-13,0.013812009280717463
2010-10-14,-2.220446049250313e-16
2010-10-15,0.0
2010-10-18,0.0
2010-10-19,0.0
2010-10-20,0.0
2010-10-21,0.003749750599622237
2010-10-22,-0.005301074048700061
2010-10-25,0.004458068985175201
2010-10-26,-0.0010724744283328036
2010-10-27,-0.01757815785692285
2010-10-28,0.0018963796686151113
2010-10-29,-0.004684533097825794
2010-11-01,0.02287216034686823
2010-11-02,0.000742384658263262
2010-11-03,0.018997451752272188
2010-11-04,-2.220446049250313e-16
2010-11-05,0.0
2010-11-08,0.0
2010-11-09,0.0
2010-11-10,0.0
2010-11-11,0.007742888850522434
2010-11-12,-0.018381053089418842
2010-11-15,-0.007659115041100395
2010-11-16,-0.013199200036638992
2010-11-17,-0.0191557892917954
2010-11-18,0.0
2010-11-19,0.0
2010-11-22,0.0
2010-11-23,0.0
2010-11-24,0.0
2010-11-25,0.0
2010-11-26,0.0
2010-11-29,0.0
2010-11-30,0.0
2010-12-01,0.0
2010-12-02,0.0081304355306282
2010-12-03,-0.005198510113409549
2010-12-06,-0.0033747289100511946
2010-12-07,0.0077861562609014
2010-12-08,-0.013614814234411798
2010-12-09,0.0032603787019296337
2010-12-10,-0.00036441186242475165
2010-12-13,0.0063436519851758355
2010-12-14,0.004628119761847405
2010-12-15,-0.018488846900091782
2010-12-16,0.0
2010-12-17,0.0
2010-12-20,0.0
2010-12-21,0.0
2010-12-22,0.0
2010-12-23,0.0
2010-12-24,0.0
2010-12-28,0.0
2010-12-29,0.0
2010-12-30,0.0
2010-12-31,0.001491542800793333
2011-01-03,0.01652235276966252
2011-01-04,0.009430532038561479
2011-01-05,0.0035909844471064822
2011-01-06,0.001140645810588481
2011-01-07,0.0
2011-01-10,0.0
2011-01-11,0.0
2011-01-12,0.0
2011-01-13,0.0
2011-01-14,0.0
2011-01-17,0.0
2011-01-18,0.0
2011-01-19,0.0
2011-01-20,0.0
2011-01-21,-0.005019976087019984
2011-01-24,-0.0029864504767829203
2011-01-25,-0.0005166539587220242
2011-01-26,0.0021718666513077522
2011-01-27,-0.0025339957888185216
2011-01-28,-0.006492839424140917
2011-01-31,-0.006819833549624343
2011-02-01,0.0014410765627219657
2011-02-02,0.01721509699216095
2011-02-07,-0.014117495090783971
2011-02-08,-0.0027920441703336296
2011-02-09,-0.012941429426373996
2011-02-10,-0.018643421887176048
2011-02-11,0.005018360476581218
2011-02-14,0.012125879715352283
2011-02-15,-0.009074649586327754
2011-02-16,0.010643901348448503
2011-02-17,0.005932354055497191
2011-02-18,0.01194372885245909
2011-02-21,-0.004417788312782167
2011-02-22,-0.01998523350482795
2011-02-23,-0.0034596123261227962
2011-02-24,-0.012654398142301071
2011-02-25,0.01723613947985836
2011-02-28,0.013414636711015282
2011-03-01,0.0
2011-03-02,0.0
2011-03-03,0.0
2011-03-04,0.0
2011-03-07,0.0
2011-03-08,0.016239068956243274
2011-03-09,0.003946074195497529
2011-03-10,-0.007797222683759153
2011-03-11,-0.014697346016206425
2011-03-14,0.003926168423228793
2011-03-15,0.0
2011-03-16,0.0
2011-03-17,0.0
2011-03-18,0.0
2011-03-21,0.0
2011-03-22,0.007231404412211928
2011-03-23,-0.0013512469065745103
2011-03-24,0.003741981632271685
2011-03-25,0.010095300002266105
2011-03-28,-0.0037154099541182317
2011-03-29,0.0
2011-03-30,0.0
2011-03-31,0.0
2011-04-01,0.0
2011-04-04,0.0
2011-04-06,0.0
2011-04-07,0.0
2011-04-08,0.0
2011-04-11,0.0
2011-04-12,0.0
2011-04-13,0.006286481231312369
2011-04-14,-0.00476553395545265
2011-04-15,-0.0002346107029247424
2011-04-18,-0.007034432571032312
2011-04-19,-0.012342070491705881
2011-04-20,0.015150992905338834
2011-04-21,0.009627548421475174
2011-04-26,-0.005154678908138921
2011-04-27,-0.004532774008079943
2011-04-28,-0.003466939063292762
2011-04-29,0.0
2011-05-03,0.0
2011-05-04,0.0
2011-05-05,0.0
2011-05-06,0.0
2011-05-09,0.007254889430263756
2011-05-11,-0.0018000479012508785
2011-05-12,-0.008895706008894
2011-05-13,0.00833626216519634
2011-05-16,-0.012885804543181001
2011-05-17,0.0
2011-05-18,0.0
2011-05-19,0.0
2011-05-20,0.0
2011-05-23,0.0
2011-05-24,0.0
2011-05-25,0.0
2011-05-26,0.0
2011-05-27,0.0
2011-05-30,0.0
2011-05-31,0.020480199548660538
2011-06-01,-0.0023168636374115703
2011-06-02,-0.01499557845851518
2011-06-03,-0.012432751590469637
2011-06-07,-0.0033467402409046443
2011-06-08,-0.008594830922871943
2011-06-09,-0.0021690105254751346
2011-06-10,-0.00795046344500494
2011-06-13,0.003710143133572652
2011-06-14,-0.0005090965745023768
2011-06-15,0.0
2011-06-16,0.0
2011-06-17,0.0
2011-06-20,0.0
2011-06-21,0.0
2011-06-22,0.0004078150750161935
2011-06-23,-0.004382007622223516
2011-06-24,0.018019421089118026
2011-06-27,-0.005581858578232235
2011-06-28,0.0008628049177634711
2011-06-29,0.0
2011-06-30,0.0
2011-07-04,0.0
2011-07-05,0.0
2011-07-06,0.0
2011-07-07,0.0
2011-07-08,0.0
2011-07-11,0.0
2011-07-12,0.0
2011-07-13,0.0
2011-07-14,0.0005770998883563028
2011-07-15,-0.0028067597060175142
2011-07-18,-0.0030669456994496525
2011-07-19,0.004253271759410371
2011-07-20,0.004393131474499157
2011-07-21,-0.00070818666282213
2011-07-22,0.01977024981430464
2011-07-25,-0.006420229106650188
2011-07-26,0.011890049950461057
2011-07-27,-0.0012808664842932638
2011-07-28,0.0012259589494438838
2011-07-29,-0.005500154912381983
2011-08-01,0.0094565227550647
2011-08-02,-0.010156853152859857
2011-08-03,-0.018185823636494014
2011-08-04,0.0
2011-08-05,0.0
2011-08-08,0.0
2011-08-09,0.0
2011-08-10,0.0
2011-08-11,0.0
2011-08-12,0.0
2011-08-15,0.0
2011-08-16,0.0
2011-08-17,0.0
2011-08-18,-0.012771532202377256
2011-08-19,-0.029232910106227306
2011-08-22,0.004248143634132173
2011-08-23,0.018908558200864567
2011-08-24,-0.019516435420724676
2011-08-25,2.220446049250313e-16
2011-08-26,0.0
2011-08-29,0.0
2011-08-30,0.0
2011-08-31,0.0
2011-09-01,0.0023353469832994023
2011-09-02,-0.017189055758481286
2011-09-05,-0.028013461066081824
2011-09-06,0.004546512753007548
2011-09-07,0.016232765581018604
2011-09-08,-0.006397907967144345
2011-09-09,-0.0022001941794647095
2011-09-12,-0.039913761986721474
2011-09-14,0.0007408762244442979
2011-09-15,0.006760334992154116
2011-09-16,0.0
2011-09-19,0.0
2011-09-20,0.0
2011-09-21,0.0
2011-09-22,0.0
2011-09-23,0.0
2011-09-26,0.0
2011-09-27,0.0
2011-09-28,0.0
2011-09-30,0.0
2011-10-03,0.0
2011-10-04,0.0
2011-10-06,0.0
2011-10-07,0.0
2011-10-10,0.0
2011-10-11,0.023093112439345864
2011-10-12,0.009849661950687816
2011-10-13,0.02223852285482919
2011-10-14,-0.01300255847586862
2011-10-17,0.019152049883834454
2011-10-18,-0.040266783681528695
2011-10-19,0.01224497028771987
2011-10-20,-0.016948887354185205
2011-10-21,0.002253207073453334
2011-10-24,0.03935566416566516
2011-10-25,0.0
2011-10-26,0.0
2011-10-27,0.0
2011-10-28,0.0
2011-10-31,0.0
2011-11-01,0.0
2011-11-02,0.0
2011-11-03,0.0
2011-11-04,0.0
2011-11-07,0.0
2011-11-08,2.8000969616082116e-05
2011-11-09,0.01621886611851009
2011-11-10,-0.04990663130976247
2011-11-11,0.008664186964034482
2011-11-14,0.018391552459830596
2011-11-15,0.0
2011-11-16,0.0
2011-11-17,0.0
2011-11-18,0.0
2011-11-21,0.0
2011-11-22,0.0013416658207985321
2011-11-23,-0.020153199648247022
2011-11-24,0.003754312665773085
2011-11-25,-0.012999649714374395
2011-11-28,0.018678478464336123
2011-11-29,0.011495986194432595
2011-11-30,-0.013887258789628376
2011-12-01,0.05345564942288461
2011-12-02,0.001910175630322808
2011-12-05,0.00696512353929668
2011-12-06,-2.220446049250313e-16
2011-12-07,0.0
2011-12-08,0.0
2011-12-09,0.0
2011-12-12,0.0
2011-12-13,-0.0065712604558870735
2011-12-14,-0.00477430020476477
2011-12-15,-0.016945394573295247
2011-12-16,0.013604668056290903
2011-12-19,-0.011170605353192142
2011-12-20,0.0005244679162328403
2011-12-21,0.01764363305043326
2011-12-22,-0.001970700772217615
2011-12-23,0.012964524913026132
2011-12-28,-0.005635789385920131
2011-12-29,0.0
2011-12-30,0.0
2012-01-03,0.0
2012-01-04,0.0
2012-01-05,0.0
2012-01-06,0.0
2012-01-09,0.0
2012-01-10,0.0
2012-01-11,0.0
2012-01-12,0.0
2012-01-13,0.0
2012-01-16,0.0
2012-01-17,0.0
2012-01-18,0.0
2012-01-19,0.0
2012-01-20,0.007975199255877197
2012-01-26,0.015537335366497596
2012-01-27,0.002909892146597759
2012-01-30,-0.015834776401803197
2012-01-31,0.010847693423426952
2012-02-01,-0.0026641643239115886
2012-02-02,0.01899078800871279
2012-02-03,0.0008045314830582573
2012-02-06,-0.0021571441994275853
2012-02-07,-0.0004940355218432391
2012-02-08,0.01467987759577305
2012-02-09,-0.00038290583385613974
2012-02-10,-0.010251754370937838
2012-02-13,0.004742256276566215
2012-02-14,0.0013871522927288993
2012-02-15,0.020366488498825275
2012-02-16,-0.003923736491338814
2012-02-17,0.00960007498150639
2012-02-20,-0.0029647869182422015
2012-02-21,0.00239961709916936
2012-02-22,0.0031320537587926633
2012-02-23,-0.007446819684611139
2012-02-24,0.0011533342018203996
2012-02-27,-0.008416275600471756
2012-02-28,0.015757052841895103
2012-02-29,0.0
2012-03-01,0.0
2012-03-02,0.0
2012-03-05,0.0
2012-03-06,0.0
2012-03-07,0.0
2012-03-08,0.0
2012-03-09,0.0
2012-03-12,0.0
2012-03-13,0.0
2012-03-14,-0.0014161164402498594
2012-03-15,0.002034681230262736
2012-03-16,-0.001587423611151384
2012-03-19,-0.009026338900252506
2012-03-20,-0.01020980251329251
2012-03-21,0.0
2012-03-22,0.0
2012-03-23,0.0
2012-03-26,0.0
2012-03-27,0.0
2012-03-28,0.0
2012-03-29,0.0
2012-03-30,0.0
2012-04-02,0.0
2012-04-03,0.0
2012-04-05,-0.009046278722792178
2012-04-10,-0.010917007359012909
2012-04-11,-0.010049648206002293
2012-04-12,0.008789762033368564
2012-04-13,0.017445956986910982
2012-04-16,-0.0041476828154711765
2012-04-17,-0.0022266859240189785
2012-04-18,0.01008562199679397
2012-04-19,0.009795660678133311
2012-04-20,0.0007075832976983776
2012-04-23,-0.01747349968620926
2012-04-24,0.0024297087933562445
2012-04-25,-0.0014179138069504438
2012-04-26,0.007516828423158373
2012-04-27,-0.003116329753889535
2012-04-30,0.0
2012-05-02,0.0
2012-05-03,0.0
2012-05-04,0.0
2012-05-07,0.0
2012-05-08,-0.0024008297361060027
2012-05-09,-0.007146094332867281
2012-05-10,-0.004827308747105352
2012-05-11,-0.01232626587244312
2012-05-14,-0.010909217224569723
2012-05-15,0.0
2012-05-16,0.0
2012-05-17,0.0
2012-05-18,0.0
2012-05-21,0.0
2012-05-22,0.00586548055418179
2012-05-23,-0.012625865860368068
2012-05-24,-0.006055473910187681
2012-05-25,0.0023908684292406335
2012-05-28,0.004443582679860114
2012-05-29,0.0
2012-05-30,0.0
2012-05-31,0.0
2012-06-01,0.0
2012-06-04,0.0
2012-06-05,0.0
2012-06-06,0.0
2012-06-07,0.0
2012-06-08,0.0
2012-06-11,0.0
2012-06-12,-0.0040634168758173494
2012-06-13,0.007748317779563418
2012-06-14,-0.010892885252810514
2012-06-15,0.02148545242483224
2012-06-18,0.009582581867062068
2012-06-19,0.0
2012-06-20,0.0
2012-06-21,0.0
2012-06-22,0.0
2012-06-25,0.0
2012-06-26,0.004242397783827956
2012-06-27,0.009767004245869515
2012-06-28,-0.00751950049509531
2012-06-29,0.020788843548560365
2012-07-03,0.014389758208393166
2012-07-04,0.0
2012-07-05,0.0
2012-07-06,0.0
2012-07-09,0.0
2012-07-10,0.0
2012-07-11,0.0011514789372850665
2012-07-12,-0.019312420822110266
2012-07-13,0.0033682578819815845
2012-07-16,0.0014274001427636573
2012-07-17,0.016581603923388588
2012-07-18,-0.010521976447973702
2012-07-19,0.01575312567150844
2012-07-20,0.003972320375483118
2012-07-23,-0.02842607854730983
2012-07-24,-0.007485679079717089
2012-07-25,0.0
2012-07-26,0.0
2012-07-27,0.0
2012-07-30,0.0
2012-07-31,0.0
2012-08-01,0.0
2012-08-02,0.0
2012-08-03,0.0
2012-08-06,0.0
2012-08-07,0.0
2012-08-08,-0.00033271806521828484
2012-08-09,0.00965582282334454
2012-08-10,-0.006252954151567791
2012-08-13,-0.0025839244603178546
2012-08-14,0.009949942780259624
2012-08-15,0.0
2012-08-16,0.0
2012-08-17,0.0
2012-08-20,0.0
2012-08-21,0.0
2012-08-22,-0.010034507308176233
2012-08-23,0.011671142027506853
2012-08-24,-0.01190223407039015
2012-08-27,-0.003885771040649355
2012-08-28,0.0006295378545626562
2012-08-29,2.220446049250313e-16
2012-08-30,0.0
2012-08-31,0.0
2012-09-03,0.0
2012-09-04,0.0
2012-09-05,-0.013926878714312196
2012-09-06,0.0031847959884989674
2012-09-07,0.029303190181875438
2012-09-10,0.0012009726769175444
2012-09-11,0.0014729160304327582
2012-09-12,0.0
2012-09-13,0.0
2012-09-14,0.0
2012-09-17,0.0
2012-09-18,0.0
2012-09-19,0.011066002068738312
2012-09-20,-0.01144702442559653
2012-09-21,0.006644450186304107
2012-09-24,-0.0018442428643231645
2012-09-25,0.00018274474437895982
2012-09-26,-0.007847865856715597
2012-09-27,0.010853208542605852
2012-09-28,0.0035744689093406556
2012-10-03,0.0021847513191985968
2012-10-04,0.0008952061689293522
2012-10-05,0.0
2012-10-08,0.0
2012-10-09,0.0
2012-10-10,0.0
2012-10-11,0.0
2012-10-12,0.0
2012-10-15,0.0
2012-10-16,0.0
2012-10-17,0.0
2012-10-18,0.0
2012-10-19,0.0014590790990722802
2012-10-22,0.006426905295020102
2012-10-24,0.002900993000565233
2012-10-25,0.0020287081920433714
2012-10-26,-0.011535648345307625
2012-10-29,0.0
2012-10-30,0.0
2012-10-31,0.0
2012-11-01,0.0
2012-11-02,0.0
2012-11-05,0.0
2012-11-06,0.0
2012-11-07,0.0
2012-11-08,0.0
2012-11-09,0.0
2012-11-12,0.0020399936776280825
2012-11-13,-0.010713433691724061
2012-11-14,0.011353337308626532
2012-11-15,-0.014758402162179385
2012-11-16,0.002252363304363847
2012-11-19,0.00462428966156514
2012-11-20,-0.0015088741037314612
2012-11-21,0.013245190909717985
2012-11-22,0.00966187256885287
2012-11-23,0.00746785113125692
2012-11-26,0.0
2012-11-27,0.0
2012-11-28,0.0
2012-11-29,0.0
2012-11-30,0.0
2012-12-03,-0.011321315691642408
2012-12-04,0.0014009472577838356
2012-12-05,0.020511802700695636
2012-12-06,-0.0009005393082598401
2012-12-07,-0.002504986883533067
2012-12-10,0.0
2012-12-11,0.0
2012-12-12,0.0
2012-12-13,0.0
2012-12-14,0.0
2012-12-17,-0.00388178260796479
2012-12-18,-0.000796510258344596
2012-12-19,0.0054313960585177234
2012-12-20,0.001528986594563353
2012-12-21,-0.006435755871561644
2012-12-24,0.001472395532291948
2012-12-27,0.0033121277903800372
2012-12-28,0.0019660163163062183
2012-12-31,-0.000405342329390157
2013-01-02,0.027469619220978014
2013-01-03,-2.220446049250313e-16
2013-01-04,0.0
2013-01-07,0.0
2013-01-08,0.0
2013-01-09,0.0
2013-01-10,0.005557988963097005
2013-01-11,-0.003671824987992345
2013-01-14,0.006092845821409121
2013-01-15,-0.001288801827913022
2013-01-16,-0.0009966047668459321
2013-01-17,-0.0007010045026002443
2013-01-18,0.010667791563492512
2013-01-21,-0.00043788613853656955
2013-01-22,0.0027437302649622186
2013-01-23,-0.0009601698424553939
2013-01-24,-0.0014563229007071854
2013-01-25,-0.0007441302125454907
2013-01-28,0.0036871350424909632
2013-01-29,-0.0006712486520956684
2013-01-30,0.006708553828733921
2013-01-31,0.0
2013-02-01,0.0
2013-02-04,0.0
2013-02-05,0.0
2013-02-06,0.0
2013-02-07,-0.0032649838134268805
2013-02-08,0.001563867196131996
2013-02-14,0.008105417831919315
2013-02-15,0.001270837361956323
2013-02-18,-0.002538448768376278
2013-02-19,-0.009673661176924697
2013-02-20,0.006709630476361861
2013-02-21,-0.016335758947715995
2013-02-22,-0.005148209643938029
2013-02-25,0.0015679094132641236
2013-02-26,-0.012493278532050067
2013-02-27,0.002414110099805855
2013-02-28,0.01862354111975395
2013-03-01,-0.005776611019844835
2013-03-04,-0.014205367553260073
2013-03-05,2.220446049250313e-16
2013-03-06,0.0
2013-03-07,0.0
2013-03-08,0.0
2013-03-11,0.0
2013-03-12,-0.008237429420003273
2013-03-13,-0.013853451333678324
2013-03-14,0.0026304103528267397
2013-03-15,-0.003611153974943382
2013-03-18,-0.01893810492537884
2013-03-19,-0.001781217836141713
2013-03-20,0.009226403470070199
2013-03-21,-0.0013019908953021408
2013-03-22,-0.004717338043830788
2013-03-25,0.005822823383208053
2013-03-26,0.0
2013-03-27,0.0
2013-03-28,0.0
2013-04-02,0.0
2013-04-03,0.0
2013-04-05,-0.025968025055635113
2013-04-08,-0.00038641972848885153
2013-04-09,0.006652046239136844
2013-04-10,0.0071257493166698715
2013-04-11,0.0028741652411563567
2013-04-12,-0.000524983379746935
2013-04-15,-0.013599139460032439
2013-04-16,-0.004385504807574159
2013-04-17,-0.004480103318530215
2013-04-18,-0.0025126039768211816
2013-04-19,0.022084189129153664
2013-04-22,0.0013282029414203311
2013-04-23,-0.010239436682290548
2013-04-24,0.016379584919338885
2013-04-25,0.00934084222036069
2013-04-26,2.220446049250313e-16
2013-04-29,0.0
2013-04-30,0.0
2013-05-02,0.0
2013-05-03,0.0
2013-05-06,0.009425909080492012
2013-05-07,0.005475065997139872
2013-05-08,0.00813735289973927
2013-05-09,-0.0013450056846102676
2013-05-10,0.004496492707222188
2013-05-13,0.0
2013-05-14,0.0
2013-05-15,0.0
2013-05-16,0.0
2013-05-20,0.0
2013-05-21,-0.0051218169814620795
2013-05-22,-0.0042795863191347205
2013-05-23,-0.024141184442572183
2013-05-24,-0.0021337600897545217
2013-05-27,0.0028245478808324176
2013-05-28,-2.220446049250313e-16
2013-05-29,0.0
2013-05-30,0.0
2013-05-31,0.0
2013-06-03,0.0
2013-06-04,0.0
2013-06-05,0.0
2013-06-06,0.0
2013-06-07,0.0
2013-06-10,0.0
2013-06-11,-0.011446100848990115
2013-06-13,-0.02079022939386288
2013-06-14,0.0037276370750174426
2013-06-17,0.011614538290533938
2013-06-18,-8.943129440330821e-07
2013-06-19,0.0
2013-06-20,0.0
2013-06-21,0.0
2013-06-24,0.0
2013-06-25,0.0
2013-06-26,0.023101076163443146
2013-06-27,0.004748033889345082
2013-06-28,0.016905189991485825
2013-07-02,-0.006620186253925575
2013-07-03,-0.023560051290822392
2013-07-04,0.015163963973987338
2013-07-05,0.017942048943335953
2013-07-08,-0.012442175087891694
2013-07-09,0.004661716262976734
2013-07-10,0.010196498142553745
2013-07-11,0.0
2013-07-12,0.0
2013-07-15,0.0
2013-07-16,0.0
2013-07-17,0.0
2013-07-18,-0.001184617911301089
2013-07-19,0.0007654631819351554
2013-07-22,0.0024049177797436094
2013-07-23,0.022133560154062648
2013-07-24,0.002322456908086634
2013-07-25,2.220446049250313e-16
2013-07-26,0.0
2013-07-29,0.0
2013-07-30,0.0
2013-07-31,0.0
2013-08-01,0.008904977503763067
2013-08-02,0.004396623534801414
2013-08-05,0.0013297495452715413
2013-08-06,-0.01276259038326455
2013-08-07,-0.014511512748693112
2013-08-08,0.0
2013-08-09,0.0
2013-08-12,0.0
2013-08-13,0.0
2013-08-15,0.0
2013-08-16,-0.0009036680457424895
2013-08-19,-0.002282728778453591
2013-08-20,-0.020863023007366865
2013-08-21,-0.006588196104703847
2013-08-22,0.0033763684000855942
2013-08-23,0.0
2013-08-26,0.0
2013-08-27,0.0
2013-08-28,0.0
2013-08-29,0.0
2013-08-30,0.0011638219783844939
2013-09-02,0.019409604873953157
2013-09-03,0.009402300814037368
2013-09-04,-0.002904371136252304
2013-09-05,0.011579313131269808
2013-09-06,0.0009793462471949788
2013-09-09,0.0054465706429627225
2013-09-10,0.009458834607694921
2013-09-11,-0.001638127152525537
2013-09-12,0.0006885525934665626
2013-09-13,2.220446049250313e-16
2013-09-16,0.0
2013-09-17,0.0
2013-09-18,0.0
2013-09-19,0.0
2013-09-23,0.0
2013-09-24,0.0
2013-09-25,0.0
2013-09-26,0.0
2013-09-27,0.0
2013-09-30,-0.01421210977358589
2013-10-02,0.005174973409136863
2013-10-03,0.009498509454501036
2013-10-04,-0.0031044585447284057
2013-10-07,-0.006756578363159793
2013-10-08,0.008468561268423436
2013-10-09,-0.00593763844619577
2013-10-10,-0.003408314161796877
2013-10-11,0.011046335088348957
2013-10-15,0.00483638470487846
2013-10-16,-0.0044054992433363305
2013-10-17,-0.005458132813783045
2013-10-18,0.010084592152338923
2013-10-21,0.003992016267463816
2013-10-22,-0.004953857036284148
2013-10-23,-1.1102230246251565e-16
2013-10-24,0.0
2013-10-25,0.0
2013-10-28,0.0
2013-10-29,0.0
2013-10-30,0.0
2013-10-31,0.0
2013-11-01,0.0
2013-11-04,0.0
2013-11-05,0.0
2013-11-06,0.0
2013-11-07,0.0
2013-11-08,0.0
2013-11-11,0.0
2013-11-12,0.0
2013-11-13,-0.018151764454677477
2013-11-14,0.007829595233132203
2013-11-15,0.016055679339687767
2013-11-18,0.02590656326934715
2013-11-19,-9.048719256987692e-05
2013-11-20,0.0
2013-11-21,0.0
2013-11-22,0.0
2013-11-25,0.0
2013-11-26,0.0
2013-11-27,0.0
2013-11-28,0.0
2013-11-29,0.0
2013-12-02,0.0
2013-12-03,0.0
2013-12-04,-0.007222003582531
2013-12-05,-0.0006455319121239089
2013-12-06,0.0012226174640788123
2013-12-09,0.0027226316553858876
2013-12-10,-0.0026717601323640316
2013-12-11,-0.016236288182500447
2013-12-12,-0.0048835847653674325
2013-12-13,0.0011374144657161356
2013-12-16,-0.005358220114702883
2013-12-17,-0.0018639397207893538
2013-12-18,0.0030660553291439463
2013-12-19,-0.010452717882862728
2013-12-20,-0.003170968615468839
2013-12-23,0.004544127807754483
2013-12-24,0.010669559066537326
2013-12-27,-1.1102230246251565e-16
2013-12-30,0.0
2013-12-31,0.0
2014-01-02,0.0
2014-01-03,0.0
2014-01-06,-0.005542882411926242
2014-01-07,0.0011986572623585712
2014-01-08,0.011868097572828251
2014-01-09,-0.008648001014632922
2014-01-10,0.0024562035936250837
2014-01-13,0.0017677763582231165
2014-01-14,-0.0040465478410356415
2014-01-15,0.004614835178817112
2014-01-16,0.0035020668393646037
2014-01-17,0.006075084101810901
2014-01-20,-0.008399680303443957
2014-01-21,0.004317057880656172
2014-01-22,0.0020273145270106596
2014-01-23,-0.014345332631756857
2014-01-24,-0.011858878605742751
2014-01-27,0.0
2014-01-28,0.0
2014-01-29,0.0
2014-01-30,0.0
2014-02-04,0.0
2014-02-05,-0.005700150062366238
2014-02-06,0.0068651944196034265
2014-02-07,0.009477887589790068
2014-02-10,-0.002529977485209667
2014-02-11,0.01689990102310457
2014-02-12,0.0
2014-02-13,0.0
2014-02-14,0.0
2014-02-17,0.0
2014-02-18,0.0
2014-02-19,0.0032300736860559898
2014-02-20,-0.011337612110492667
2014-02-21,0.007385009713993584
2014-02-24,-0.007563223070152114
2014-02-25,-0.003026628815352983
2014-02-26,0.005115283757455957
2014-02-27,0.01653837205458286
2014-02-28,0.0003655742726524913
2014-03-03,-0.013997043878029691
2014-03-04,0.006625720991836559
2014-03-05,-0.003264635865916854
2014-03-06,0.005182886741764925
2014-03-07,-0.0017780160841371906
2014-03-10,-0.016585799664176726
2014-03-11,0.00019954158843238368
2014-03-12,-0.015672825697031767
2014-03-13,-0.006317240761217979
2014-03-14,-0.00943956741782681
2014-03-17,-0.0028836274563405206
2014-03-18,0.004833917671214216
2014-03-19,-0.0006503507419509669
2014-03-20,-0.01698471734602991
2014-03-21,0.011378129887968713
2014-03-24,0.018110075107990564
2014-03-25,-0.004954574593334926
2014-03-26,0.006781074153998867
2014-03-27,-0.0023097012676124296
2014-03-28,0.010036798684315507
2014-03-31,0.0036780203660302657
2014-04-01,0.012745562791468101
2014-04-02,0.003189864540529719
2014-04-03,0.0017349303588576337
2014-04-04,-0.0023154085408751968
2014-04-07,-0.005609119354469949
2014-04-08,0.009327854158706073
2014-04-09,0.0
2014-04-10,0.0
2014-04-11,0.0
2014-04-14,0.0
2014-04-15,0.0
2014-04-16,0.0
2014-04-17,0.0
2014-04-22,0.0
2014-04-23,0.0
2014-04-24,0.0
2014-04-25,-0.014284862694346478
2014-04-28,-0.0038870540350195437
2014-04-29,0.01378041891088655
2014-04-30,-0.013532190211059447
2014-05-02,0.005432758493336909
2014-05-05,0.0
2014-05-07,0.0
2014-05-08,0.0
2014-05-09,0.0
2014-05-12,0.0
2014-05-13,0.003873551823071253
2014-05-14,0.009793809393179975
2014-05-15,0.006234204610755745
2014-05-16,-0.0007509667279130827
2014-05-19,-0.0003521101155580242
2014-05-20,0.0
2014-05-21,0.0
2014-05-22,0.0
2014-05-23,0.0
2014-05-26,0.0
2014-05-27,-0.000781076488535204
2014-05-28,0.005619617729931248
2014-05-29,-0.002877479434541308
2014-05-30,0.002952673598579203
2014-06-03,0.008620335312086613
2014-06-04,-1.1102230246251565e-16
2014-06-05,0.0
2014-06-06,0.0
2014-06-09,0.0
2014-06-10,0.0
2014-06-11,-0.0023815456854467953
2014-06-12,-0.003360093980224854
2014-06-13,0.005907262927843604
2014-06-16,-0.0007536773073679726
2014-06-17,-0.003957955615887521
2014-06-18,-0.000895183902847152
2014-06-19,-0.0005731524367270646
2014-06-20,0.0010793250980831726
2014-06-23,-0.015939017447477832
2014-06-24,0.0031553821772338786
2014-06-25,-0.000578236468281923
2014-06-26,0.013743344445438677
2014-06-27,0.0009699089053609722
2014-06-30,-0.0012597825277808061
2014-07-02,0.014698255216165856
2014-07-03,-0.0007337519881743804
2014-07-04,0.0006026192722949908
2014-07-07,-0.0002195894433735246
2014-07-08,1.8572303272845758e-05
2014-07-09,-0.014748961096549662
2014-07-10,0.0
2014-07-11,0.0
2014-07-14,0.0
2014-07-15,0.0
2014-07-16,0.0
2014-07-17,0.0
2014-07-18,0.0
2014-07-21,0.0
2014-07-22,0.0
2014-07-23,0.0
2014-07-24,0.0
2014-07-25,0.0
2014-07-28,0.0
2014-07-29,0.0
2014-07-30,0.0
2014-07-31,0.0
2014-08-01,0.0
2014-08-04,0.0
2014-08-05,0.0
2014-08-06,0.0
2014-08-07,-0.007596018244290126
2014-08-08,-0.002186402040529889
2014-08-11,0.01227731413258093
2014-08-12,0.0016727113020731377
2014-08-13,0.007733040470591979
2014-08-14,0.0
2014-08-15,0.0
2014-08-18,0.0
2014-08-19,0.0
2014-08-20,0.0
2014-08-21,-0.00625510736191448
2014-08-22,0.004488512155021551
2014-08-25,0.002068358108656687
2014-08-26,-0.0034883403279013514
2014-08-27,-0.0058999122085886535
2014-08-28,-0.006773248215595773
2014-08-29,4.066725310436503e-05
2014-09-01,0.0003847886428693936
2014-09-02,-0.00011773148127491861
2014-09-03,0.02182047502908513
2014-09-04,-0.0007518162604283063
2014-09-05,-0.002170000156577312
2014-09-08,-0.0018709286671346748
2014-09-10,-0.01829517034983097
2014-09-11,-0.001641211125166353
2014-09-12,0.0
2014-09-15,0.0
2014-09-16,0.0
2014-09-17,0.0
2014-09-18,0.0
2014-09-19,0.0
2014-09-22,0.0
2014-09-23,0.0
2014-09-24,0.0
2014-09-25,0.0
2014-09-26,-0.0035860625131216572
2014-09-29,-0.01801891120072474
2014-09-30,-0.012100817521175866
2014-10-03,0.005440802098391817
2014-10-06,0.010301242154754142
2014-10-07,0.0
2014-10-08,0.0
2014-10-09,0.0
2014-10-10,0.0
2014-10-13,0.0
2014-10-14,-0.003916433122560292
2014-10-15,0.003794603075499836
2014-10-16,-0.009816437974986214
2014-10-17,0.005069444668722278
2014-10-20,0.0019409038999738115
2014-10-21,0.0007542716199540056
2014-10-22,0.012975460042994547
2014-10-23,-0.0028750660966369024
2014-10-24,-0.0012618500760385176
2014-10-27,-0.00648320687084325
2014-10-28,0.0
2014-10-29,0.0
2014-10-30,0.0
2014-10-31,0.0
2014-11-03,0.0
2014-11-04,-0.002792882747386094
2014-11-05,-0.005976642672615662
2014-11-06,-0.0018557882787045843
2014-11-07,-0.003977429740202654
2014-11-10,0.007838292309024775
2014-11-11,0.002542850585562695
2014-11-12,0.005182108784643535
2014-11-13,0.0032448416461337004
2014-11-14,0.002667861321763665
2014-11-17,-0.01145343169893831
2014-11-18,-0.01069252774999252
2014-11-19,-0.0062877438954734854
2014-11-20,-0.0009609433462436368
2014-11-21,0.003554887271691287
2014-11-24,0.018465446737546465
2014-11-25,0.0
2014-11-26,0.0
2014-11-27,0.0
2014-11-28,0.0
2014-12-01,0.0
2014-12-02,0.0
2014-12-03,0.0
2014-12-04,0.0
2014-12-05,0.0
2014-12-08,0.0
2014-12-09,-0.022195414358230803
2014-12-10,0.0015631377870521934
2014-12-11,-0.008550964192006627
2014-12-12,-0.002577079784823466
2014-12-15,-0.009029214860748258
2014-12-16,-0.014709685811345574
2014-12-17,-0.0035369071647294303
2014-12-18,0.010329326429183272
2014-12-19,0.011802699543349116
2014-12-22,0.011973441300076937
2014-12-23,0.0
2014-12-24,0.0
2014-12-29,0.0
2014-12-30,0.0
2014-12-31,0.0
2015-01-02,0.0
2015-01-05,0.0
2015-01-06,0.0
2015-01-07,0.0
2015-01-08,0.0
2015-01-09,0.003364682891465076
2015-01-12,0.004230876675346051
2015-01-13,0.00749615474111609
2015-01-14,-0.004058425054267234
2015-01-15,0.00939445128401184
2015-01-16,2.220446049250313e-16
2015-01-19,0.0
2015-01-20,0.0
2015-01-21,0.0
2015-01-22,0.0
2015-01-23,0.0
2015-01-26,0.0
2015-01-27,0.0
2015-01-28,0.0
2015-01-29,0.0
2015-01-30,-0.003429846905067313
2015-02-02,-0.0008646761172005357
2015-02-03,0.00271691290944176
2015-02-04,0.004834947469917195
2015-02-05,0.003300572921037137
2015-02-06,-0.00330391297688315
2015-02-09,-0.006098042598457032
2015-02-10,0.00027502837185755524
2015-02-11,-0.008251680620671609
2015-02-12,0.004183206984782251
2015-02-13,0.010125339555524748
2015-02-16,0.0016934172948674941
2015-02-17,0.0022424154113942496
2015-02-18,0.001809857698323869
2015-02-23,0.00017912779630080422
2015-02-24,-0.0033174802473557863
2015-02-25,0.0010831424764308206
2015-02-26,0.0047474765846406974
2015-02-27,-0.0030068812321191185
2015-03-02,0.0024561785187262597
2015-03-03,0.0
2015-03-04,0.0
2015-03-05,0.0
2015-03-06,0.0
2015-03-09,0.0
2015-03-10,0.0
2015-03-11,0.0
2015-03-12,0.0
2015-03-13,0.0
2015-03-16,0.0
2015-03-17,0.0
2015-03-18,0.0
2015-03-19,0.0
2015-03-20,0.0
2015-03-23,0.0
2015-03-24,0.0
2015-03-25,0.0
2015-03-26,0.0
2015-03-27,0.0
2015-03-30,0.0
2015-03-31,0.0
2015-04-01,0.0
2015-04-02,0.0
2015-04-08,0.0
2015-04-09,0.0
2015-04-10,0.011564559450037537
2015-04-13,0.025930171679693137
2015-04-14,-0.015452972826252576
2015-04-15,0.0019782870972644417
2015-04-16,0.0041633166544612354
2015-04-17,-0.0029696991445181675
2015-04-20,-0.019200759542341683
2015-04-21,0.02649873817729964
2015-04-22,0.0028481018917871914
2015-04-23,-0.0036164516065750885
2015-04-24,0.00797652292943507
2015-04-27,0.012639799953940711
2015-04-28,0.0003068500338339053
2015-04-29,-0.0014202530528240054
2015-04-30,-0.008965585348605476
2015-05-04,-0.00031064806347480545
2015-05-05,-0.012466342014994303
2015-05-06,-0.003929228531896145
2015-05-07,-0.012076794376196243
2015-05-08,0.010010068313390796
2015-05-11,0.004858000937896234
2015-05-12,-0.010674647251245672
2015-05-13,-0.005477825670028524
2015-05-14,0.001300082758576293
2015-05-15,0.018663509873065864
2015-05-18,-0.007901053140759284
2015-05-19,0.0035261013798550955
2015-05-20,-0.003726684717548112
2015-05-21,-0.0021145960168353906
2015-05-22,0.01620871050907957
2015-05-26,0.008739260357257583
2015-05-27,-0.005684578696941389
2015-05-28,-0.021251325944216637
2015-05-29,-0.0010432095241158512
2015-06-01,0.005997091262107679
2015-06-02,0.0
2015-06-03,0.0
2015-06-04,0.0
2015-06-05,0.0
2015-06-08,0.0
2015-06-09,0.0
2015-06-10,0.0
2015-06-11,0.0
2015-06-12,0.0
2015-06-15,0.0
2015-06-16,0.0
2015-06-17,0.0
2015-06-18,0.0
2015-06-19,0.0
2015-06-22,0.0
2015-06-23,0.008861594078472423
2015-06-24,0.0024865460252589955
2015-06-25,-0.008991241809962691
2015-06-26,-0.016866018814402084
2015-06-29,-0.02480991087071205
2015-06-30,0.010333200391573705
2015-07-02,0.0011667427556916188
2015-07-03,-0.007875448624797166
2015-07-06,-0.03011449726472748
2015-07-07,-0.009788239208795013
2015-07-08,0.0
2015-07-09,0.0
2015-07-10,0.0
2015-07-13,0.0
2015-07-14,0.0
2015-07-15,-0.002463784154316029
2015-07-16,0.004057182209956878
2015-07-17,0.009533344807583166
2015-07-20,-0.0003912119705115069
2015-07-21,0.004924614862617416
2015-07-22,-0.009449865560961168
2015-07-23,0.004368764932149327
2015-07-24,-0.010117135139072309
2015-07-27,-0.02935843216347589
2015-07-28,0.005919581294408616
2015-07-29,0.004472608353644381
2015-07-30,-0.004682439988795806
2015-07-31,0.005356285312483555
2015-08-03,-0.00866231018768615
2015-08-04,-0.00020595662978784013
2015-08-05,0.0
2015-08-06,0.0
2015-08-07,0.0
2015-08-10,0.0
2015-08-11,0.0
2015-08-12,0.0
2015-08-13,0.0
2015-08-14,0.0
2015-08-17,0.0
2015-08-18,0.0
2015-08-19,-0.012428727278458895
2015-08-20,-0.016816526583941727
2015-08-21,-0.014497981757394585
2015-08-24,-0.048976228011648026
2015-08-25,0.006821245776524876
2015-08-26,-0.01433582380291698
2015-08-27,0.03397351212981392
2015-08-28,-0.009801047304808463
2015-08-31,0.0025468407366810997
2015-09-01,-0.021179943319637795
2015-09-02,0.0
2015-09-04,0.0
2015-09-07,0.0
2015-09-08,0.0
2015-09-09,0.0
2015-09-10,-0.024416516690607182
2015-09-11,-0.0025577162791959873
2015-09-14,0.0025378073086677055
2015-09-15,-0.0046935970830143114
2015-09-16,0.022609601715926297
2015-09-17,-0.004843186377362141
2015-09-18,0.0028758306939160594
2015-09-21,-0.007099652853170824
2015-09-22,0.0017297991899116738
2015-09-23,-0.021500008950954386
2015-09-24,-2.220446049250313e-16
2015-09-25,0.0
2015-09-29,0.0
2015-09-30,0.0
2015-10-02,0.0
2015-10-05,0.015390501016223856
2015-10-06,-0.0009953711987906733
2015-10-07,0.029792471523540254
2015-10-08,-0.006801941654267951
2015-10-09,0.004423333876676594
2015-10-12,0.0
2015-10-13,0.0
2015-10-14,0.0
2015-10-15,0.0
2015-10-16,0.0
2015-10-19,0.0003393538145006758
2015-10-20,-0.003556654205090548
2015-10-22,-0.005943406350441216
2015-10-23,0.012742190723239455
2015-10-26,-0.0014647452297821273
2015-10-27,0.0010883538608914556
2015-10-28,-0.007643039476014524
2015-10-29,-0.005652725293973426
2015-10-30,-0.007485225488448544
2015-11-02,-0.011318803181964876
2015-11-03,0.008412019036990737
2015-11-04,0.020399031096590914
2015-11-05,-0.00010425405109515395
2015-11-06,-0.007570952040240164
2015-11-09,-0.005836869439146186
2015-11-10,0.0
2015-11-11,0.0
2015-11-12,0.0
2015-11-13,0.0
2015-11-16,0.0
2015-11-17,0.010938188581797625
2015-11-18,-0.0032442866918408475
2015-11-19,0.013362045877911566
2015-11-20,0.010757149372101038
2015-11-23,-0.0037142690499955
2015-11-24,0.0
2015-11-25,0.0
2015-11-26,0.0
2015-11-27,0.0
2015-11-30,0.0
2015-12-01,0.016624682561980464
2015-12-02,0.004177737572854001
2015-12-03,-0.002651730298997901
2015-12-04,-0.00768280718944192
2015-12-07,-0.001396536024602102
2015-12-08,0.0
2015-12-09,0.0
2015-12-10,0.0
2015-12-11,0.0
2015-12-14,0.0
2015-12-15,-0.0015817098665641405
2015-12-16,0.019058810656667813
2015-12-17,0.007485941332303403
2015-12-18,-0.005066620392983445
2015-12-21,0.0015788693047613656
2015-12-22,0.0
2015-12-23,0.0
2015-12-24,0.0
2015-12-28,0.0
2015-12-29,0.0
2015-12-30,0.0
2015-12-31,0.0
2016-01-04,0.0
2016-01-05,0.0
2016-01-06,0.0
2016-01-07,-0.029317099768788824
2016-01-08,0.0056149027138185925
2016-01-11,-0.026218154092772616
2016-01-12,-0.00841909580275979
2016-01-13,0.010718671164722027
2016-01-14,0.0
2016-01-15,0.0
2016-01-18,0.0
2016-01-19,0.0
2016-01-20,0.0
2016-01-21,-0.017311093226306862
2016-01-22,0.027557096197968978
2016-01-25,0.012933306755178231
2016-01-26,-0.02357314485847206
2016-01-27,0.009652570038026331
2016-01-28,0.0
2016-01-29,0.0
2016-02-01,0.0
2016-02-02,0.0
2016-02-03,0.0
2016-02-04,0.009579240074159001
2016-02-05,0.005206452755271984
2016-02-11,-0.0365920729571485
2016-02-12,-0.011574104056316425
2016-02-15,0.030982749829109757
2016-02-16,0.010239135389382037
2016-02-17,-0.009815801586305017
2016-02-18,0.022008994014715233
2016-02-19,-0.00380991904910688
2016-02-22,0.008804017497038075
2016-02-23,-0.002409638864090957
2016-02-24,-0.010890875172069991
2016-02-25,-0.015040604654045886
2016-02-26,0.023903492197372644
2016-02-29,-0.012385760384237776
2016-03-01,0.014694586958498013
2016-03-02,0.029207109948479415
2016-03-03,-0.0029390973089371553
2016-03-04,0.011218969459594996
2016-03-07,-0.0008018414068446944
2016-03-08,2.220446049250313e-16
2016-03-09,0.0
2016-03-10,0.0
2016-03-11,0.0
2016-03-14,0.0
2016-03-15,-0.006813759888506854
2016-03-16,-0.001454294282223656
2016-03-17,0.011536454445056465
2016-03-18,0.007776877767645907
2016-03-21,0.0005757069805389925
2016-03-22,-0.000799643590192578
2016-03-23,-0.00236957514699887
2016-03-24,-0.012430169498936494
2016-03-29,0.0009658676557136037
2016-03-30,0.020384906993467622
2016-03-31,0.0
2016-04-01,0.0
2016-04-05,0.0
2016-04-06,0.0
2016-04-07,0.0
2016-04-08,0.0
2016-04-11,0.0
2016-04-12,0.0
2016-04-13,0.0
2016-04-14,0.0
2016-04-15,0.0
2016-04-18,0.0
2016-04-19,0.0
2016-04-20,0.0
2016-04-21,0.0
2016-04-22,-0.0068193411878967325
2016-04-25,-0.0071930819566869975
2016-04-26,0.004581941166437398
2016-04-27,-0.0020257008829809298
2016-04-28,0.0011746868630373442
2016-04-29,0.0
2016-05-03,0.0
2016-05-04,0.0
2016-05-05,0.0
2016-05-06,0.0
2016-05-09,0.0022174683376869897
2016-05-10,0.004047565047999635
2016-05-11,-0.008797200657767124
2016-05-12,-0.00662271284118332
2016-05-13,-0.00935306458077001
2016-05-16,0.0
2016-05-17,0.0
2016-05-18,0.0
2016-05-19,0.0
2016-05-20,0.0
2016-05-23,-0.002065841569196425
2016-05-24,0.001026187802917633
2016-05-25,0.025753902808803852
2016-05-26,0.0013571256779145724
2016-05-27,0.00837889716939455
2016-05-30,0.002433674886321624
2016-05-31,0.008567773423807656
2016-06-01,-0.0024753038428305674
2016-06-02,0.0045052166390442405
2016-06-03,0.004018430795061478
2016-06-06,0.0
2016-06-07,0.0
2016-06-08,0.0
2016-06-10,0.0
2016-06-13,0.0
2016-06-14,-0.005810318242245649
2016-06-15,0.0037261564211441556
2016-06-16,-0.01991446567353017
2016-06-17,0.0062297415453784755
2016-06-20,0.016010645990523598
2016-06-21,0.0
2016-06-22,0.0
2016-06-23,0.0
2016-06-24,0.0
2016-06-27,0.0
2016-06-28,-0.0025756279879173283
2016-06-29,0.012415092547772177
2016-06-30,0.01666223678537193
2016-07-04,0.012115395362418235
2016-07-05,-0.013943358436891207
2016-07-06,0.0
2016-07-07,0.0
2016-07-08,0.0
2016-07-11,0.0
2016-07-12,0.0
2016-07-13,0.004369829736430075
2016-07-14,0.01063706449284596
2016-07-15,0.004329717951579104
2016-07-18,0.006319276495793336
2016-07-19,-0.005670962473210417
2016-07-20,0.009182857502065378
2016-07-21,0.005130965139717114
2016-07-22,-0.0015667728856632035
2016-07-25,0.0012637902621224217
2016-07-26,0.0058973113419922285
2016-07-27,0.0038396646912299826
2016-07-28,-0.0019133460709308547
2016-07-29,-0.012149102945470003
2016-08-01,0.010334024253823237
2016-08-03,-0.016777773148969777
2016-08-04,0.004073728477634431
2016-08-05,0.013676221273918765
2016-08-08,0.014988061663738117
2016-08-09,-0.001234549518598027
2016-08-10,0.0011372742817532533
2016-08-11,0.003732392446214483
2016-08-12,0.00786407370451414
2016-08-15,0.006933511516176161
2016-08-16,-0.0009010544282349597
2016-08-17,-0.004622120702945098
2016-08-18,0.00933985029198503
2016-08-19,-0.003560029178608315
2016-08-22,0.0025230404038298904
2016-08-23,4.2297322546680505e-05
2016-08-24,-0.007387205199531177
2016-08-25,-0.00024354713328478272
2016-08-26,0.003952441737490986
2016-08-29,-0.003670926559563359
2016-08-30,0.008136289103054306
2016-08-31,-0.0016255613608358033
2016-09-01,0.0
2016-09-02,0.0
2016-09-05,0.0
2016-09-06,0.0
2016-09-07,0.0
2016-09-08,0.0
2016-09-09,0.0
2016-09-12,0.0
2016-09-13,0.0
2016-09-14,0.0
2016-09-15,0.0
2016-09-19,0.0
2016-09-20,0.0
2016-09-21,0.0
2016-09-22,0.0
2016-09-23,-0.0029315903332518545
2016-09-26,-0.014779647200148238
2016-09-27,0.01033765446755952
2016-09-28,0.00192366449764525
2016-09-29,0.0048178207179749855
2016-09-30,0.0
2016-10-03,0.0
2016-10-04,0.0
2016-10-05,0.0
2016-10-06,0.0
2016-10-07,0.0
2016-10-11,0.0
2016-10-12,0.0
2016-10-13,0.0
2016-10-14,0.0
2016-10-17,-0.008004950650596032
2016-10-18,0.01470918852916081
2016-10-19,-0.0036324202303430475
2016-10-20,0.002830668406133885
2016-10-24,0.00933764598978537
2016-10-25,-0.0015696692823440328
2016-10-26,-0.009669227620249576
2016-10-27,-0.007865331002026466
2016-10-28,-0.007289626949408823
2016-10-31,-0.0008383787788051045
2016-11-01,0.0
2016-11-02,0.0
2016-11-03,0.0
2016-11-04,0.0
2016-11-07,0.0
2016-11-08,0.0
2016-11-09,0.0
2016-11-10,0.0
2016-11-11,0.0
2016-11-14,0.0
2016-11-15,0.0
2016-11-16,0.0
2016-11-17,0.0
2016-11-18,0.0
2016-11-21,0.0
2016-11-22,0.013609378927603721
2016-11-23,-5.785000394165074e-05
2016-11-24,-0.0028591293635562565
2016-11-25,0.004833254554482247
2016-11-28,0.004481975501038349
2016-11-29,0.0
2016-11-30,0.0
2016-12-01,0.0
2016-12-02,0.0
2016-12-05,0.0
2016-12-06,0.0
2016-12-07,0.0
2016-12-08,0.0
2016-12-09,0.0
2016-12-12,0.0
2016-12-13,0.000579324584919938
2016-12-14,0.0004198517901794485
2016-12-15,-0.016804792068202512
2016-12-16,-0.0016630747935022505
2016-12-19,-0.008105964043467528
2016-12-20,-1.1102230246251565e-16
2016-12-21,0.0
2016-12-22,0.0
2016-12-23,0.0
2016-12-28,0.0
2016-12-29,0.0015794948595109215
2016-12-30,0.009140693571049852
2017-01-03,0.006473815651427461
2017-01-04,-0.0006838263930915023
2017-01-05,0.013841388545721811
2017-01-06,0.0
2017-01-09,0.0
2017-01-10,0.0
2017-01-11,0.0
2017-01-12,0.0
2017-01-13,0.0
2017-01-16,0.0
2017-01-17,0.0
2017-01-18,0.0
2017-01-19,0.0
2017-01-20,-0.006761291559725047
2017-01-23,0.0005232567980086866
2017-01-24,0.0021292588888579544
2017-01-25,0.0041079309331595315
2017-01-26,0.013397341734159296
2017-01-27,-0.0005445895220427266
2017-02-01,-0.001724998403314859
2017-02-02,-0.00545705521979134
2017-02-03,-0.00226701922253858
2017-02-06,0.008997892887416814
2017-02-07,0.0
2017-02-08,0.0
2017-02-09,0.0
2017-02-10,0.0
2017-02-13,0.0
2017-02-14,-0.00031932463356643126
2017-02-15,0.011697347240166023
2017-02-16,0.004469786516230645
2017-02-17,-0.002916904545791188
2017-02-20,0.004443532705721509
2017-02-21,-0.007184760609882379
2017-02-22,0.009453197095444343
2017-02-23,-0.003422409454841957
2017-02-24,-0.005881052677800036
2017-02-27,-0.0016122221867824749
2017-02-28,0.0
2017-03-01,0.0
2017-03-02,0.0
2017-03-03,0.0
2017-03-06,0.0
2017-03-07,0.0034136948705474346
2017-03-08,0.004060509703779802
2017-03-09,-0.011217550621198003
2017-03-10,0.0027122307997822226
2017-03-13,0.010519705929352918
2017-03-14,-6.860357568627684e-05
2017-03-15,-0.0014000876246174077
2017-03-16,0.01978968483882504
2017-03-17,0.0008480156413377404
2017-03-20,0.007516484290604586
2017-03-21,0.0
2017-03-22,0.0
2017-03-23,0.0
2017-03-24,0.0
2017-03-27,0.0
2017-03-28,0.0
2017-03-29,0.0
2017-03-30,0.0
2017-03-31,0.0
2017-04-03,0.0
2017-04-05,0.0
2017-04-06,0.0
2017-04-07,0.0
2017-04-10,0.0
2017-04-11,0.0
2017-04-12,0.008875121116086238
2017-04-13,-0.002026479196492459
2017-04-18,-0.013205129262359172
2017-04-19,-0.003916267659493711
2017-04-20,0.009209485176166599
2017-04-21,-0.0005907254442639731
2017-04-24,0.0038506772196134076
2017-04-25,0.012455478491070648
2017-04-26,0.0047617467304232886
2017-04-27,0.00464477552199738
2017-04-28,-0.0032099305743693574
2017-05-02,0.0031294740269209864
2017-05-04,-0.0004718081408967567
2017-05-05,-0.007996780577225637
2017-05-08,0.003944971809757947
2017-05-09,0.012037581295897937
2017-05-10,0.00483200502040293
2017-05-11,0.004190123685814173
2017-05-12,0.001166581128816846
2017-05-15,0.008145956255492859
2017-05-16,-0.0013382431687511964
2017-05-17,-0.0015903770761909186
2017-05-18,-0.005914964633243813
2017-05-19,0.001452413094708449
2017-05-22,0.008186385413264885
2017-05-23,0.00044299980936757244
2017-05-24,0.0009504718427180148
2017-05-25,0.00757707608596303
2017-05-26,0.0003156298838398186
2017-05-29,0.0023176053091400473
2017-05-31,-0.00151949741640367
2017-06-01,0.00551721040391584
2017-06-02,0.0042408633581958455
2017-06-05,-0.0022455246432944165
2017-06-06,0.004944564177362221
2017-06-07,0.0
2017-06-08,0.0
2017-06-09,0.0
2017-06-12,0.0
2017-06-13,0.0
2017-06-14,0.0
2017-06-15,0.0
2017-06-16,0.0
2017-06-19,0.0
2017-06-20,0.0
2017-06-21,-0.005457446182801973
2017-06-22,-0.0007410901010322934
2017-06-23,-0.0001657130153887021
2017-06-26,0.007467200587786715
2017-06-27,-0.001171413830394652
2017-06-28,0.0
2017-06-29,0.0
2017-06-30,0.0
2017-07-03,0.0
2017-07-04,0.0
2017-07-05,0.0
2017-07-06,0.0
2017-07-07,0.0
2017-07-10,0.0
2017-07-11,0.0
2017-07-12,0.0
2017-07-13,0.0
2017-07-14,0.0
2017-07-17,0.0
2017-07-18,0.0
2017-07-19,0.0052727357724466906
2017-07-20,0.0024244510524906726
2017-07-21,-0.0012126700790455747
2017-07-24,0.005008159614743768
2017-07-25,0.00018482534703512243
2017-07-26,0.0031495924206470516
2017-07-27,0.006710291626188747
2017-07-28,-0.005320532558036661
2017-07-31,0.012144305300349156
2017-08-01,0.007529237562439173
2017-08-02,0.002320616237518447
2017-08-03,-0.002633136887115195
2017-08-04,0.0010948226531222183
2017-08-07,0.004409033211074664
2017-08-08,0.005657281286260973
2017-08-09,0.0
2017-08-10,0.0
2017-08-11,0.0
2017-08-14,0.0
2017-08-15,0.0
2017-08-16,0.008184170280287395
2017-08-17,-0.0022486651955153647
2017-08-18,-0.010309482192134012
2017-08-21,0.0037611712704539446
2017-08-22,0.008640563559156211
2017-08-24,0.0040555729613305225
2017-08-25,0.011384212988581277
2017-08-28,0.0005167628395261747
2017-08-29,-0.003355004650116511
2017-08-30,0.011289499570181105
2017-08-31,-0.004210348616879744
2017-09-01,-0.0005829820719855938
2017-09-04,-0.007245582453406341
2017-09-05,3.736649057550778e-05
2017-09-06,-0.004373772835850609
2017-09-07,0.0
2017-09-08,0.0
2017-09-11,0.0
2017-09-12,0.0
2017-09-13,0.0
2017-09-14,-0.003980629581617379
2017-09-15,0.001039140995493515
2017-09-18,0.012029772348106427
2017-09-19,-0.003657366032430609
2017-09-20,0.0025877792512205566
2017-09-21,-0.0005902842761271732
2017-09-22,-0.007769172548959258
2017-09-25,-0.012954263189641213
2017-09-26,0.0004373723906592186
2017-09-27,0.004465666004293434
2017-09-28,0.0
2017-09-29,0.0
2017-10-03,0.0
2017-10-04,0.0
2017-10-06,0.0
2017-10-09,0.0
2017-10-10,0.0
2017-10-11,0.0
2017-10-12,0.0
2017-10-13,0.0
2017-10-16,0.0
2017-10-17,0.0
2017-10-18,0.0
2017-10-19,0.0
2017-10-20,0.0
2017-10-23,0.0
2017-10-24,0.0
2017-10-25,0.0
2017-10-26,0.0
2017-10-27,0.0
2017-10-30,-0.003429358078825273
2017-10-31,-0.003038584331437222
2017-11-01,0.01171798237319499
2017-11-02,-0.0025064104572192214
2017-11-03,0.0028308781129895433
2017-11-06,-0.00022624290392170288
2017-11-07,0.01321012585215553
2017-11-08,-0.002844762524573552
2017-11-09,0.007530822470618759
2017-11-10,-0.0005108810885309234
2017-11-13,0.0
2017-11-14,0.0
2017-11-15,0.0
2017-11-16,0.0
2017-11-17,0.0
2017-11-20,0.0
2017-11-21,0.0
2017-11-22,0.0
2017-11-23,0.0
2017-11-24,0.0
2017-11-27,0.0
2017-11-28,0.0
2017-11-29,0.0
2017-11-30,0.0
2017-12-01,0.0
2017-12-04,0.00209250525551119
2017-12-05,-0.00963464041524098
2017-12-06,-0.02034700322017058
2017-12-07,0.00263451315712393
2017-12-08,0.011284662543243451
2017-12-11,0.010786848221971956
2017-12-12,-0.005620826877465568
2017-12-13,0.014121439891240817
2017-12-14,-0.0018118956318814439
2017-12-15,-0.010368248185732787
2017-12-18,0.0066593515499524525
2017-12-19,0.006646363368298269
2017-12-20,-0.0006357222673832874
2017-12-21,0.00432221578676395
2017-12-22,0.006827461137018931
2017-12-27,0.0
2017-12-28,0.0
2017-12-29,0.0
2018-01-02,0.0
2018-01-03,0.0
2018-01-04,0.0
2018-01-05,0.0
2018-01-08,0.0
2018-01-09,0.0
2018-01-10,0.0
2018-01-11,0.0014268166154551842
2018-01-12,0.008919017805626872
2018-01-15,-0.0022291818671782426
2018-01-16,0.01716122869105896
2018-01-17,0.0023452447813738786
2018-01-18,0.0041206026358848735
2018-01-19,0.003938395852337129
2018-01-22,0.004087299313887849
2018-01-23,0.015789240624806133
2018-01-24,0.0008097515272849076
2018-01-25,-0.008794550791316524
2018-01-26,0.0145719255413288
2018-01-29,-0.005381784018807845
2018-01-30,-0.010392358060632434
2018-01-31,0.008176329547324945
2018-02-01,-1.1102230246251565e-16
2018-02-02,0.0
2018-02-05,0.0
2018-02-06,0.0
2018-02-07,0.0
2018-02-08,0.0
2018-02-09,0.0
2018-02-12,0.0
2018-02-13,0.0
2018-02-14,0.0
2018-02-15,0.018673678380893843
2018-02-20,-0.007389633573932075
2018-02-21,0.017187959117542784
2018-02-22,-0.014111337366788601
2018-02-23,0.009256176547617345
2018-02-26,0.0
2018-02-27,0.0
2018-02-28,0.0
2018-03-01,0.0
2018-03-02,0.0
2018-03-05,0.0
2018-03-06,0.0
2018-03-07,0.0
2018-03-08,0.0
2018-03-09,0.0
2018-03-12,0.018331725072194383
2018-03-13,0.00021429188760113682
2018-03-14,-0.00500830060623636
2018-03-15,0.0032083938309754867
2018-03-16,-0.0011795922590303043
2018-03-19,0.0003558348367214137
2018-03-20,0.0010912610589168814
2018-03-21,-0.004080911879243088
2018-03-22,-0.010393725257002662
2018-03-23,-0.023293682220551615
2018-03-26,0.007497651237313718
2018-03-27,0.007522028454154617
2018-03-28,-0.023696719393032084
2018-03-29,0.0022382701277041672
2018-04-03,0.0027335116621429734
2018-04-04,0.0
2018-04-06,0.0
2018-04-09,0.0
2018-04-10,0.0
2018-04-11,0.0
2018-04-12,0.0
2018-04-13,0.0
2018-04-16,0.0
2018-04-17,0.0
2018-04-18,0.0
2018-04-19,0.013306603267374983
2018-04-20,-0.00898108090920735
2018-04-23,-0.005120854110201245
2018-04-24,0.011989333978497108
2018-04-25,-0.009559062558639697
2018-04-26,-0.010039139740199543
2018-04-27,0.008638489967950802
2018-04-30,0.016558023191489912
2018-05-02,-0.002609995244010732
2018-05-03,-0.012702292661152526
2018-05-04,-0.012124819963529876
2018-05-07,0.00214971837376865
2018-05-08,0.012933640259271684
2018-05-09,0.004166989890608042
2018-05-10,0.00849920924160008
2018-05-11,0.0
2018-05-14,0.0
2018-05-15,0.0
2018-05-16,0.0
2018-05-17,0.0
2018-05-18,0.003247091750250064
2018-05-21,0.005705639169268695
2018-05-23,-0.017305541301753213
2018-05-24,0.0029345850239794746
2018-05-25,-0.005321877702453182
2018-05-28,0.006338973183972918
2018-05-29,-0.00949020551446278
2018-05-30,-0.013321348941603861
2018-05-31,0.012995606333837229
2018-06-01,0.0007586356521960269
2018-06-04,0.0
2018-06-05,0.0
2018-06-06,0.0
2018-06-07,0.0
2018-06-08,0.0
2018-06-11,0.0
2018-06-12,0.0
2018-06-13,0.0
2018-06-14,0.0
2018-06-15,0.0
2018-06-19,-0.026370387624470193
2018-06-20,0.007340474656624796
2018-06-21,-0.012786897334112424
2018-06-22,0.0013806482373057705
2018-06-25,-0.012197283790469693
2018-06-26,-0.0026177628110294338
2018-06-27,-0.017230904177175765
2018-06-28,0.0047096144550762276
2018-06-29,0.015212732185194922
2018-07-03,-0.013405412683925477
2018-07-04,0.0
2018-07-05,0.0
2018-07-06,0.0
2018-07-09,0.0
2018-07-10,0.0
2018-07-11,0.0
2018-07-12,0.0
2018-07-13,0.0
2018-07-16,0.0
2018-07-17,0.0
2018-07-18,-0.002166194492308593
2018-07-19,-0.00359991896341727
2018-07-20,0.007242802942147186
2018-07-23,0.0010650427994276512
2018-07-24,0.013667069959866662
2018-07-25,0.008569348306706859
2018-07-26,-0.004596741462443932
2018-07-27,0.0007645950510459798
2018-07-30,-0.0023491519002958317
2018-07-31,-0.00496816687848689
2018-08-01,-0.008057870506238074
2018-08-02,-0.020995851908250374
2018-08-03,-0.0013096874328988317
2018-08-06,0.004912281563064225
2018-08-07,0.014651156458303616
2018-08-08,0.003708446507623142
2018-08-09,0.008315688878697491
2018-08-10,-0.007998525433009829
2018-08-13,-0.014407099698551029
2018-08-14,-0.006242051208913968
2018-08-15,-0.014685230905798208
2018-08-16,-0.007759616417075232
2018-08-17,0.0039656014160049935
2018-08-20,0.013402606762530134
2018-08-21,0.005321982829749272
2018-08-22,0.005978580615786155
2018-08-23,-0.004662228749635289
2018-08-24,-0.004051075689586847
2018-08-27,0.02055899875369005
2018-08-28,0.0027004303866757784
2018-08-29,2.220446049250313e-16
2018-08-30,0.0
2018-08-31,0.0
2018-09-03,0.0
2018-09-04,0.0
2018-09-05,0.0
2018-09-06,0.0
2018-09-07,0.0
2018-09-10,0.0
2018-09-11,0.0
2018-09-12,-0.002786805209943677
2018-09-13,0.024136761909612447
2018-09-14,0.009572911776970727
2018-09-17,-0.012329013860587712
2018-09-18,0.005359858194800671
2018-09-19,2.220446049250313e-16
2018-09-20,0.0
2018-09-21,0.0
2018-09-24,0.0
2018-09-26,0.0
2018-09-27,0.0
2018-09-28,0.0
2018-10-02,0.0
2018-10-03,0.0
2018-10-04,0.0
2018-10-05,0.0
2018-10-08,0.0
2018-10-09,0.0
2018-10-10,0.0
2018-10-11,0.0
2018-10-12,0.02012018346917288
2018-10-15,-0.013137225780875172
2018-10-16,0.0006423934337012049
2018-10-18,-0.0002877717288330972
2018-10-19,0.003989268520854461
2018-10-22,0.022005332715170134
2018-10-23,-0.02934909598142954
2018-10-24,-0.003627556526395681
2018-10-25,-0.009605867137583268
2018-10-26,-0.010516151485668201
2018-10-29,0.0036245406003547753
2018-10-30,-0.008664651090901643
2018-10-31,0.015209525169649352
2018-11-01,0.016583744178208404
2018-11-02,0.04001935413904589
2018-11-05,0.0
2018-11-06,0.0
2018-11-07,0.0
2018-11-08,0.0
2018-11-09,0.0
2018-11-12,0.0
2018-11-13,0.0
2018-11-14,0.0
2018-11-15,0.0
2018-11-16,0.0
2018-11-19,0.0
2018-11-20,0.0
2018-11-21,0.0
2018-11-22,0.0
2018-11-23,0.0
2018-11-26,0.016433209604561627
2018-11-27,-0.0015940422911270291
2018-11-28,0.01265860501997862
2018-11-29,-0.008255020413727054
2018-11-30,0.0020031892313536748
2018-12-03,0.0
2018-12-04,0.0
2018-12-05,0.0
2018-12-06,0.0
2018-12-07,0.0
2018-12-10,0.0
2018-12-11,0.0
2018-12-12,0.0
2018-12-13,0.0
2018-12-14,0.0
2018-12-17,-0.00024792305283927174
2018-12-18,-0.009967812991257818
2018-12-19,0.0018810004244571576
2018-12-20,-0.008879245781752587
2018-12-21,0.004811286019823058
2018-12-24,0.0
2018-12-27,0.0
2018-12-28,0.0
2018-12-31,0.0
2019-01-02,0.0
2019-01-03,-0.0024946130873625405
2019-01-04,0.021285852394795857
2019-01-07,0.007780343972320747
2019-01-08,0.0014636382549013671
2019-01-09,0.021577610200712583
2019-01-10,0.0
2019-01-11,0.0
2019-01-14,0.0
2019-01-15,0.0
2019-01-16,0.0
2019-01-17,-0.005172328554276406
2019-01-18,0.011897827345550782
2019-01-21,0.0037089513311077127
2019-01-22,-0.0066785635898232165
2019-01-23,9.675824688115675e-05
2019-01-24,0.0039677597531673214
2019-01-25,0.015706342108878113
2019-01-28,0.00026806885885122256
2019-01-29,-0.001561763827369833
2019-01-30,0.0038403901120576123
2019-01-31,0.0
2019-02-01,0.0
2019-02-04,0.0
2019-02-08,0.0
2019-02-11,0.0
2019-02-12,0.0
2019-02-13,0.0
2019-02-14,0.0
2019-02-15,0.0
2019-02-18,0.0
2019-02-19,-0.003984053344603278
2019-02-20,0.009620432389601197
2019-02-21,0.0038615612920618325
2019-02-22,0.006187531286284242
2019-02-25,0.004718187619972225
2019-02-26,-0.006148844889616534
2019-02-27,-0.0004830820838684913
2019-02-28,-0.004107851716947275
2019-03-01,0.005941551538815704
2019-03-04,0.00486468540388052
2019-03-05,0.0
2019-03-06,0.0
2019-03-07,0.0
2019-03-08,0.0
2019-03-11,0.0
2019-03-12,0.0
2019-03-13,0.0
2019-03-14,0.0
2019-03-15,0.0
2019-03-18,0.0
2019-03-19,0.0
2019-03-20,0.0
2019-03-21,0.0
2019-03-22,0.0
2019-03-25,0.0
2019-03-26,0.0
2019-03-27,0.0
2019-03-28,0.0
2019-03-29,0.0
2019-04-01,0.0
2019-04-02,0.002013309645281236
2019-04-03,0.011600815791550367
2019-04-04,-0.0015873928837683016
2019-04-08,0.004471898736546631
2019-04-09,0.002539749113464662
2019-04-10,0.0
2019-04-11,0.0
2019-04-12,0.0
2019-04-15,0.0
2019-04-16,0.0
2019-04-17,-0.0001636415955327264
2019-04-18,-0.005090433459625898
2019-04-23,-6.339336577898536e-07
2019-04-24,-0.004989378017765889
2019-04-25,-0.008156000234994187
2019-04-26,0.0017732123613452
2019-04-29,0.009227081959713335
2019-04-30,-0.0061533881856485895
2019-05-02,0.007833493401624425
2019-05-03,0.004356808208279217
2019-05-06,-0.0275277368682042
2019-05-07,0.0049747362255838645
2019-05-08,-0.011626297930920848
2019-05-09,-0.022626774101518254
2019-05-10,0.007999838743807164
2019-05-14,-0.014209572551596938
2019-05-15,0.004937760016086257
2019-05-16,0.00021303326365251785
2019-05-17,-0.0110047092108978
2019-05-20,-0.005378866819621075
2019-05-21,-0.004438370522438118
2019-05-22,0.0016653545228055844
2019-05-23,-0.014980682615331475
2019-05-24,0.003008361793776171
2019-05-27,-0.0022750744224099284
2019-05-28,-2.220446049250313e-16
2019-05-29,0.0
2019-05-30,0.0
2019-05-31,0.0
2019-06-03,0.0
2019-06-04,0.0
2019-06-05,0.0
2019-06-06,0.0
2019-06-10,0.0
2019-06-11,0.0
2019-06-12,-0.016439253325195913
2019-06-13,-0.0004779108419776801
2019-06-14,-0.006132702236976595
2019-06-17,0.0038070817108026844
2019-06-18,0.009467141931345457
2019-06-19,0.0
2019-06-20,0.0
2019-06-21,0.0
2019-06-24,0.0
2019-06-25,0.0
2019-06-26,0.0
2019-06-27,0.0
2019-06-28,0.0
2019-07-02,0.0
2019-07-03,0.0
2019-07-04,0.0
2019-07-05,0.0
2019-07-08,0.0
2019-07-09,0.0
2019-07-10,0.0
2019-07-11,0.0076495965741867344
2019-07-12,0.0013310488511184548
2019-07-15,0.0027794026225800295
2019-07-16,0.002155174037495877
2019-07-17,-0.0008786185232086963
2019-07-18,-0.004372352858459383
2019-07-19,0.01014288417637399
2019-07-22,-0.013029482922833902
2019-07-23,0.0031893388735224626
2019-07-24,0.0019218096346023117
2019-07-25,0.00234133682661275
2019-07-26,-0.006534844428326081
2019-07-29,-0.009749283039937162
2019-07-30,0.0013548098979614398
2019-07-31,-0.012444754835798655
2019-08-01,0.0
2019-08-02,0.0
2019-08-05,0.0
2019-08-06,0.0
2019-08-07,0.0
2019-08-08,0.004521785757834795
2019-08-09,-0.0066015413686675295
2019-08-12,-0.004195906925578474
2019-08-13,-0.019983830582001372
2019-08-14,0.0007872548841667548
2019-08-15,0.0
2019-08-16,0.0
2019-08-19,0.0
2019-08-20,0.0
2019-08-21,0.0
2019-08-22,-0.008003566039488264
2019-08-23,0.004761339943466947
2019-08-26,-0.018104660673573858
2019-08-27,-0.0006008211144107323
2019-08-28,-0.0017965220666933401
2019-08-29,0.0
2019-08-30,0.0
2019-09-02,0.0
2019-09-03,0.0
2019-09-04,0.0
2019-09-05,-0.0002757959720591785
2019-09-06,0.006278059799180946
2019-09-09,-0.0003332535865845365
2019-09-10,8.120421730328786e-05
2019-09-11,0.016929704544302204
2019-09-12,-0.0025014866498631605
2019-09-13,0.009305709178433652
2019-09-16,-0.007935677124897067
2019-09-17,-0.011721740115072765
2019-09-18,-0.0012814781940971853
2019-09-19,0.0
2019-09-20,0.0
2019-09-23,0.0
2019-09-24,0.0
2019-09-25,0.0
2019-09-26,0.00353631768313023
2019-09-27,-0.0031786948938746784
2019-09-30,0.00503141343968827
2019-10-02,-0.0018056790198047734
2019-10-03,0.0024671417422263975
2019-10-04,0.0
2019-10-08,0.0
2019-10-09,0.0
2019-10-10,0.0
2019-10-11,0.0
2019-10-14,0.0
2019-10-15,0.0
2019-10-16,0.0
2019-10-17,0.0
2019-10-18,0.0
2019-10-21,0.00021688215159065827
2019-10-22,0.0021512888032442223
2019-10-23,-0.0077846962549084076
2019-10-24,0.008265820763970977
2019-10-25,-0.004629090624156396
2019-10-28,-1.1102230246251565e-16
2019-10-29,0.0
2019-10-30,0.0
2019-10-31,0.0
2019-11-01,0.0
2019-11-04,0.0
2019-11-05,0.0
2019-11-06,0.0
2019-11-07,0.0
2019-11-08,0.0
2019-11-11,0.0
2019-11-12,0.0
2019-11-13,0.0
2019-11-14,0.0
2019-11-15,0.0
2019-11-18,0.012789639855568469
2019-11-19,0.014704612434846664
2019-11-20,-0.007169740299576621
2019-11-21,-0.014950544855850678
2019-11-22,0.00460281946218255
2019-11-25,0.0
2019-11-26,0.0
2019-11-27,0.0
2019-11-28,0.0
2019-11-29,0.0
2019-12-02,0.0
2019-12-03,0.0
2019-12-04,0.0
2019-12-05,0.0
2019-12-06,0.0
2019-12-09,-0.00013049859293234878
2019-12-10,-0.0020835887282811827
2019-12-11,0.007502711593916134
2019-12-12,0.01243612667686178
2019-12-13,0.024432882637166697
2019-12-16,-0.006177960956360806
2019-12-17,0.011612047431378114
2019-12-18,0.0013851665600235208
2019-12-19,-0.0028594008438204144
2019-12-20,0.002427116206503488
2019-12-23,0.0
2019-12-24,0.0
2019-12-27,0.0
2019-12-30,0.0
2019-12-31,0.0
2020-01-02,0.0
2020-01-03,0.0
2020-01-06,0.0
2020-01-07,0.0
2020-01-08,0.0
2020-01-09,0.01600068641608221
2020-01-10,0.0025699656863675813
2020-01-13,0.010517154324786393
2020-01-14,-0.002293543948760468
2020-01-15,-0.0036738247530904156
2020-01-16,-1.1102230246251565e-16
2020-01-17,0.0
2020-01-20,0.0
2020-01-21,0.0
2020-01-22,0.0
2020-01-23,-0.014478085490158388
2020-01-24,0.0013781959617504835
2020-01-29,-0.026799451968789856
2020-01-30,-0.024832243896739326
2020-01-31,-0.00488533533094293
2020-02-03,0.0
2020-02-04,0.0
2020-02-05,0.0
2020-02-06,0.0
2020-02-07,0.0
2020-02-10,0.0
2020-02-11,0.0
2020-02-12,0.0
2020-02-13,0.0
2020-02-14,0.0
2020-02-17,0.004918103510260341
2020-02-18,-0.014593737925902572
2020-02-19,0.004332248905134284
2020-02-20,-0.0016020033690600233
2020-02-21,-0.010330841831139193
2020-02-24,-0.016958036320098513
2020-02-25,0.0025579056319362525
2020-02-26,-0.006937918339042115
2020-02-27,0.0029164997270998416
2020-02-28,-0.022968495258133603
2020-03-02,0.0058618008890483075
2020-03-03,-0.00024715680550091434
2020-03-04,-0.0022613591355438167
2020-03-05,0.0197138999875921
2020-03-06,-0.022003518124444454
2020-03-09,-0.04006461427649399
2020-03-10,0.013282680712430217
2020-03-11,-0.005991103316420721
2020-03-12,-0.03455776914376496
2020-03-13,-0.01071506908491704
2020-03-16,0.0
2020-03-17,0.0
2020-03-18,0.0
2020-03-19,0.0
2020-03-20,0.0
2020-03-23,-0.04619556089939636
2020-03-24,0.04224944241973816
2020-03-25,0.03619296013258411
2020-03-26,-0.00707108705583781
2020-03-27,0.0053737674719629425
2020-03-30,-0.012524840013373728
2020-03-31,0.017573882150615505
2020-04-01,-0.020871443467613715
2020-04-02,0.007999240109789696
2020-04-03,-0.001795319167242737
2020-04-06,0.020993701452338476
2020-04-07,0.020207711042788068
2020-04-08,-0.011115145979598173
2020-04-09,0.013108925374825997
2020-04-14,0.0052967387718931835
2020-04-15,0.0
2020-04-16,0.0
2020-04-17,0.0
2020-04-20,0.0
2020-04-21,0.0
2020-04-22,0.003985092598624451
2020-04-23,0.0033389470135247734
2020-04-24,-0.005786454400919738
2020-04-27,0.01789255148704494
2020-04-28,0.011586048629461443
2020-04-29,0.0
2020-05-04,0.0
2020-05-05,0.0
2020-05-06,0.0
2020-05-07,0.0
2020-05-08,0.0
2020-05-11,0.0
2020-05-12,0.0
2020-05-13,0.0
2020-05-14,0.0
2020-05-15,0.0
2020-05-18,0.0
2020-05-19,0.0
2020-05-20,0.0
2020-05-21,0.0
2020-05-22,-0.05281688284569663
2020-05-25,0.0009129199787918374
2020-05-26,0.01784637091448027
2020-05-27,-0.0033775898545710392
2020-05-28,-0.006859442687519257
2020-05-29,-0.007017017395357872
2020-06-01,0.03180982497458018
2020-06-02,0.010532411642971917
2020-06-03,0.013044319662466108
2020-06-04,0.0015888442625715538
2020-06-05,0.015758341381561847
2020-06-08,0.00024416174790387046
2020-06-09,0.010763906802753631
2020-06-10,-0.0002844111227833235
2020-06-11,-0.021634308887862108
2020-06-12,-0.006940355561454892
2020-06-15,-0.020502143748151402
2020-06-16,0.02263594008328007
2020-06-17,0.0053594595792667565
2020-06-18,-0.0006393805717472834
2020-06-19,0.0
2020-06-22,0.0
2020-06-23,0.0
2020-06-24,0.0
2020-06-26,0.0
2020-06-29,0.0
2020-06-30,0.0
2020-07-02,0.0
2020-07-03,0.0
2020-07-06,0.0
2020-07-07,0.0
2020-07-08,0.0
2020-07-09,0.0
2020-07-10,0.0
2020-07-13,0.0
2020-07-14,0.0
2020-07-15,0.0
2020-07-16,0.0
2020-07-17,0.0
2020-07-20,0.0
2020-07-21,0.02190065923084794
2020-07-22,-0.021433154618270667
2020-07-23,0.0077742615939038195
2020-07-24,-0.020979359099095318
2020-07-27,-0.003922122926770633
2020-07-28,0.006538821687885887
2020-07-29,0.004230480051828689
2020-07-30,-0.006585379791986479
2020-07-31,-0.004427296064859365
2020-08-03,-0.005295168077381729
2020-08-04,0.01895102372688995
2020-08-05,0.005935929972982867
2020-08-06,-0.00650836518469633
2020-08-07,-0.015198811097612008
2020-08-10,-0.005964690399399841
2020-08-11,2.220446049250313e-16
2020-08-12,0.0
2020-08-13,0.0
2020-08-14,0.0
2020-08-17,0.0
2020-08-18,0.0007510847292062639
2020-08-19,-0.007058418036662517
2020-08-20,-0.014616236737901356
2020-08-21,0.012342366163275997
2020-08-24,0.016551023929260777
2020-08-25,0.0
2020-08-26,0.0
2020-08-27,0.0
2020-08-28,0.0
2020-08-31,0.0
2020-09-01,0.00029431565652027203
2020-09-02,-0.0024428556339899377
2020-09-03,-0.004253702333700038
2020-09-04,-0.011854079012602714
2020-09-07,-0.004066015818261937
2020-09-08,0.0013386194901339188
2020-09-09,-0.005988952082156551
2020-09-10,-0.006024260359472788
2020-09-11,0.00740171637674214
2020-09-14,0.005303073558675431
2020-09-15,0.0
2020-09-16,0.0
2020-09-17,0.0
2020-09-18,0.0
2020-09-21,0.0
2020-09-22,0.0
2020-09-23,0.0
2020-09-24,0.0
2020-09-25,0.0
2020-09-28,0.0
2020-09-29,-0.008114397439092147
2020-09-30,0.007487216538870856
2020-10-05,0.012501907510262145
2020-10-06,0.008513655227033068
2020-10-07,0.010398460974593737
2020-10-08,-1.1102230246251565e-16
2020-10-09,0.0
2020-10-12,0.0
2020-10-14,0.0
2020-10-15,0.0
2020-10-16,0.0
2020-10-19,0.0
2020-10-20,0.0
2020-10-21,0.0
2020-10-22,0.0
2020-10-23,0.0
2020-10-27,0.0
2020-10-28,0.0
2020-10-29,0.0
2020-10-30,0.0
2020-11-02,0.013894498042511305
2020-11-03,0.018645237930078107
2020-11-04,-0.0020447532282011904
2020-11-05,0.030960867870686526
2020-11-06,0.0006323074253524741
2020-11-09,2.220446049250313e-16
2020-11-10,0.0
2020-11-11,0.0
2020-11-12,0.0
2020-11-13,0.0
2020-11-16,0.008164951756441496
2020-11-17,0.0012039621880257645
2020-11-18,0.004648858805344602
2020-11-19,-0.006708936730569048
2020-11-20,0.0034099374142322336
2020-11-23,0.0012454984161096583
2020-11-24,0.003660784942560724
2020-11-25,0.0029161580242402785
2020-11-26,0.0053375783247817665
2020-11-27,0.0026680969489631945
2020-11-30,0.0
2020-12-01,0.0
2020-12-02,0.0
2020-12-03,0.0
2020-12-04,0.0
2020-12-07,0.0
2020-12-08,0.0
2020-12-09,0.0
2020-12-10,0.0
2020-12-11,0.0
2020-12-14,-0.004170114016253779
2020-12-15,-0.006558677266392143
2020-12-16,0.009165890956825518
2020-12-17,0.00782937967965247
2020-12-18,-0.00640392096597675
2020-12-21,2.220446049250313e-16
2020-12-22,0.0
2020-12-23,0.0
2020-12-24,0.0
2020-12-28,0.0
2020-12-29,0.0
2020-12-30,0.0
2020-12-31,0.0
2021-01-04,0.0
2021-01-05,0.0
2021-01-06,0.0
2021-01-07,0.0
2021-01-08,0.0
2021-01-11,0.0
2021-01-12,0.0
2021-01-13,-0.0013824962203932145
2021-01-14,0.008789574701796754
2021-01-15,0.002567941221492953
2021-01-18,0.009610436526245048
2021-01-19,0.025683156612199554
2021-01-20,0.010285401501355595
2021-01-21,-0.0011036313318105728
2021-01-22,-0.015275969163493386
2021-01-25,0.022988030165405515
2021-01-26,-0.02425960414898476
2021-01-27,0.0
2021-01-28,0.0
2021-01-29,0.0
2021-02-01,0.0
2021-02-02,0.0
2021-02-03,0.0019085292679674737
2021-02-04,-0.006287835031057565
2021-02-05,0.005714955841740199
2021-02-08,0.000998764592000212
2021-02-09,0.005078603761916822
2021-02-10,0.018137004794752665
2021-02-11,0.004270361171735626
2021-02-16,0.01807115211500765
2021-02-17,0.010477585213396035
2021-02-18,-0.015009343361534921
2021-02-19,0.0
2021-02-22,0.0
2021-02-23,0.0
2021-02-24,0.0
2021-02-25,0.0
2021-02-26,-0.03455663115557295
2021-03-01,0.01545525820161009
2021-03-02,-0.011493641391076004
2021-03-03,0.02557343425067704
2021-03-04,-0.020456550716653976
2021-03-05,-0.004493887510353511
2021-03-08,-0.01816946765583838
2021-03-09,0.007714860597347162
2021-03-10,0.00442382532077068
2021-03-11,0.015680032203436722
2021-03-12,0.0
2021-03-15,0.0
2021-03-16,0.0
2021-03-17,0.0
2021-03-18,0.0
2021-03-19,0.0
2021-03-22,0.0
2021-03-23,0.0
2021-03-24,0.0
2021-03-25,0.0
2021-03-26,0.014874007199383588
2021-03-29,6.274150756713226e-05
2021-03-30,0.008025041208060468
2021-03-31,-0.00662819208316201
2021-04-01,0.018775578249495162
2021-04-07,0.0
2021-04-08,0.0
2021-04-09,0.0
2021-04-12,0.0
2021-04-13,0.0
2021-04-14,0.0
2021-04-15,0.0
2021-04-16,0.0
2021-04-19,0.0
2021-04-20,0.0
2021-04-21,-0.01675329569569728
2021-04-22,0.004424417875968922
2021-04-23,0.010677544360283786
2021-04-26,-0.004113391426654234
2021-04-27,-0.000370330407370445
2021-04-28,0.0
2021-04-29,0.0
2021-04-30,0.0
2021-05-03,0.0
2021-05-04,0.0
2021-05-05,0.0
2021-05-06,0.0
2021-05-07,0.0
2021-05-10,0.0
2021-05-11,0.0
2021-05-12,0.007366670224435712
2021-05-13,-0.01724834943903719
2021-05-14,0.010581274358917314
2021-05-17,0.005644366719066429
2021-05-18,0.013472874793738487
2021-05-20,-0.004773145699201287
2021-05-21,0.0002723502562536062
2021-05-24,-0.0015427865497611437
2021-05-25,0.016683022311917872
2021-05-26,0.00839716057026596
2021-05-27,0.0
2021-05-28,0.0
2021-05-31,0.0
2021-06-01,0.0
2021-06-02,0.0
2021-06-03,0.0
2021-06-04,0.0
2021-06-07,0.0
2021-06-08,0.0
2021-06-09,0.0
2021-06-10,0.0
2021-06-11,0.0
2021-06-15,0.0
2021-06-16,0.0
2021-06-17,0.0
2021-06-18,0.0
2021-06-21,0.0
2021-06-22,0.0
2021-06-23,0.0
2021-06-24,0.0
2021-06-25,0.0
2021-06-28,0.0
2021-06-29,0.0
2021-06-30,0.0
2021-07-02,0.0
2021-07-05,0.0
2021-07-06,0.0
2021-07-07,0.0
2021-07-08,0.0
2021-07-09,0.0
2021-07-12,0.0
2021-07-13,0.0
2021-07-14,0.0
2021-07-15,0.0
2021-07-16,0.0
2021-07-19,0.0
2021-07-20,0.0
2021-07-21,0.0
2021-07-22,0.0
2021-07-23,0.0
2021-07-26,-0.039278888279692725
2021-07-27,-0.040024510831979776
2021-07-28,0.014607289030380555
2021-07-29,0.031266490223354815
2021-07-30,-0.01276568041003956
2021-08-02,0.0
2021-08-03,0.0
2021-08-04,0.0
2021-08-05,0.0
2021-08-06,0.0
2021-08-09,0.003773959678220251
2021-08-10,0.011648781118950069
2021-08-11,0.0019490068370782154
2021-08-12,-0.005076677453272005
2021-08-13,-0.0045239974689159634
2021-08-16,0.0
2021-08-17,0.0
2021-08-18,0.0
2021-08-19,0.0
2021-08-20,0.0
2021-08-23,0.009934779949230865
2021-08-24,0.023406102098346038
2021-08-25,-0.0012564821458952435
2021-08-26,-0.010305227460509214
2021-08-27,-0.00029187717060263907
2021-08-30,0.004927801070304216
2021-08-31,0.012643673023329693
2021-09-01,0.0054916215069995555
2021-09-02,0.002273178722549618
2021-09-03,-0.006877796477227971
2021-09-06,0.009615628446589364
2021-09-07,0.006916256150462763
2021-09-08,-0.0011821480461478018
2021-09-09,-0.02189489883929141
2021-09-10,0.018128780915249942
2021-09-13,-2.220446049250313e-16
2021-09-14,0.0
2021-09-15,0.0
2021-09-16,0.0
2021-09-17,0.0
2021-09-20,-0.03132083451708545
2021-09-21,0.004816857310461442
2021-09-23,0.011335847655851161
2021-09-24,-0.012346549650165795
2021-09-27,0.0006516681325656748
2021-09-28,0.011426545509786168
2021-09-29,0.006319151691470015
2021-09-30,-0.0033824676675408005
2021-10-04,-0.02083148320555661
2021-10-05,0.0026739793890844243
2021-10-06,0.0
2021-10-07,0.0
2021-10-08,0.0
2021-10-11,0.0
2021-10-12,0.0
2021-10-15,0.014019038088595837
2021-10-18,0.0029570519420185626
2021-10-19,0.014124609569978519
2021-10-20,0.012870728279549937
2021-10-21,-0.004316600669734494
2021-10-22,0.0
2021-10-25,0.0
2021-10-26,0.0
2021-10-27,0.0
2021-10-28,0.0
2021-10-29,-0.0066351264471802285
2021-11-01,-0.008342103038054605
2021-11-02,-0.0020623140806527163
2021-11-03,-0.002833080963008827
2021-11-04,0.007601122800059201
2021-11-05,0.0
2021-11-08,0.0
2021-11-09,0.0
2021-11-10,0.0
2021-11-11,0.0
2021-11-12,0.0030093880740604817
2021-11-15,0.0023611225901341015
2021-11-16,0.012083570427143808
2021-11-17,-0.0023555408566448
2021-11-18,-0.012245115099700388
2021-11-19,-0.01012249757649597
2021-11-22,-0.003738985727420596
2021-11-23,-0.011406313883315478
2021-11-24,0.0013055985214451837
2021-11-25,0.002101148700385913
2021-11-26,-0.025303615790667866
2021-11-29,-0.008984090343660545
2021-11-30,-0.014970762825182837
2021-12-01,0.007404420571954118
2021-12-02,0.005202947034260941
2021-12-03,0.0
2021-12-06,0.0
2021-12-07,0.0
2021-12-08,0.0
2021-12-09,0.0
2021-12-10,0.0
2021-12-13,0.0
2021-12-14,0.0
2021-12-15,0.0
2021-12-16,0.0
2021-12-17,-0.011447104428020771
2021-12-20,-0.018330057816955736
2021-12-21,0.009443957594865049
2021-12-22,0.005411684023663099
2021-12-23,0.003751764333086216
2021-12-24,0.001232951102979385
2021-12-28,0.002322223884847263
2021-12-29,-0.007913978978465352
2021-12-30,0.0010471960774842692
2021-12-31,0.011732591238085677
