,datetime,close,ric_call,ric_put,ric_call_rev,ric_put_rev,delivery_date,T,r,c,p,p_rev,c_rev,q,iv_call,iv_put,iv_call_ref,iv_put_ref,pc,pc_ref
0,2022-05-03,21101.89,HSI21000F2.HF,HSI21000R2.HF,HSI20800F2.HF,HSI20800R2.HF,2022-06-30,0.1589041095890411,0.001987922771551863,793,1042,943,894,0.07404885427759542,0.2586803829197261,0.29205264284294086,0.27728622999999997,0.2773722,-0.11416021394573983,-0.00030962905431086707
1,2022-05-04,20869.52,HSI21000F2.HF,HSI21000R2.HF,HSI20800F2.HF,HSI20800R2.HF,2022-06-30,0.15616438356164383,0.001899993867952024,652,1147,1037,739,0.13252153696807528,0.2760388971406008,0.2580877316924573,0.27158561,0.2773722,0.06948780746981509,-0.020841953782372635
2,2022-05-05,20793.4,HSI21000F2.HF,HSI21000R2.HF,HSI21200F2.HF,HSI21200R2.HF,2022-06-30,0.15342465753424658,0.0018690522331553754,599,1160,1281,527,0.1758430743075606,0.28813310176253126,0.22393003304824655,0.26437136,0.26236048,0.28644009439017415,0.007657748431970646
3,2022-05-06,20001.96,HSI20200F2.HF,HSI20200R2.HF,HSI20000F2.HF,HSI20000R2.HF,2022-06-30,0.1506849315068493,0.0017704318602226035,633,1170,1060,728,0.1594461838758841,0.3021934043080679,0.25760084782450116,0.28876576,0.27648913,0.17292340785343363,0.04435636930096365
4,2022-05-10,19633.69,HSI19400F2.HF,HSI19400R2.HF,HSI19600F2.HF,HSI19600R2.HF,2022-06-30,0.13972602739726028,0.0018358138620779179,840,982,1083,743,0.07794753705240638,0.2858583126608081,0.34400636717830285,0.31539148,0.32010145,-0.16885478980012247,-0.01469682989401322
5,2022-05-11,19824.57,HSI19800F2.HF,HSI19800R2.HF,HSI19600F2.HF,HSI19600R2.HF,2022-06-30,0.136986301369863,0.0017888989656914343,761,1008,909,862,0.06451066178690897,0.2856578092695058,0.3208152648909537,0.30879152,0.30694214,-0.1094795263724001,0.006018638761733142
6,2022-05-12,19380.34,HSI19600F2.HF,HSI19600R2.HF,HSI19400F2.HF,HSI19400R2.HF,2022-06-30,0.13424657534246576,0.0017959862507476354,611,1197,1086,699,0.18940298890575913,0.32710307846405007,0.28371903810103627,0.30661738,0.31066917,0.15274116965441453,-0.01302833539045567
7,2022-05-13,19898.77,HSI19800F2.HF,HSI19800R2.HF,HSI19600F2.HF,HSI19600R2.HF,2022-06-30,0.13150684931506848,0.0017941894790074798,723,972,877,822,0.08494611288181908,0.27342545449682565,0.3195791414416138,0.29695518,0.30874712,-0.14429194036015125,-0.038155247148318416
8,2022-05-16,19950.21,HSI20000F2.HF,HSI20000R2.HF,HSI20200F2.HF,HSI20200R2.HF,2022-06-30,0.1232876712328767,0.0019154643263384673,669,960,1073,580,0.12245269448130527,0.29893123527248355,0.2795408020974445,0.2953946,0.29173743,0.06930371107116251,0.012524662556145039
9,2022-05-17,20602.52,HSI20400F2.HF,HSI20400R2.HF,HSI20200F2.HF,HSI20200R2.HF,2022-06-30,0.12054794520547946,0.0018845231702267953,787,831,737,895,0.017949383909442552,0.2478300909383507,0.3210102386604902,0.29307735,0.28428904,-0.22780687950377043,0.03088702667798615
10,2022-05-18,20644.28,HSI20600F2.HF,HSI20600R2.HF,HSI20800F2.HF,HSI20800R2.HF,2022-06-30,0.1178082191780822,0.0017918935993079708,615,941,1054,530,0.1370861624729732,0.2670148834912025,0.2828764000959958,0.27616415,0.28226519,-0.05603184915163362,-0.02159820998674411
11,2022-05-19,20120.68,HSI20200F2.HF,HSI20200R2.HF,HSI20000F2.HF,HSI20000R2.HF,2022-06-30,0.11506849315068493,0.001858971042137308,599,992,878,689,0.1339944830680382,0.28656122360237635,0.29038710155352054,0.29128231,0.29679216,-0.013164655641818013,-0.01854943315198243
12,2022-05-20,20717.24,HSI20600F2.HF,HSI20600R2.HF,HSI20400F2.HF,HSI20400R2.HF,2022-06-30,0.11232876712328767,0.0018732443816804189,670,872,773,772,0.08730917580072739,0.2582591409610943,0.3025130088571932,0.28422809,0.28527726000000003,-0.14618835246311312,-0.0036749349758700145
13,2022-05-23,20470.06,HSI20600F2.HF,HSI20600R2.HF,HSI20400F2.HF,HSI20400R2.HF,2022-06-30,0.10410958904109589,0.0018358138620779179,560,955,845,651,0.1420992954053329,0.2875602672621689,0.27517595379102044,0.28668124,0.28527726000000003,0.04497348882095764,0.004917958256007049
14,2022-05-24,20112.1,HSI20200F2.HF,HSI20200R2.HF,HSI20400F2.HF,HSI20400R2.HF,2022-06-30,0.10136986301369863,0.0018287268592867307,582,878,992,496,0.17396210575594756,0.30774038303579065,0.2509252034782715,0.28607161000000003,0.28559513,0.22625840469852432,0.0016672236908148452
15,2022-05-25,20171.27,HSI20200F2.HF,HSI20200R2.HF,HSI20000F2.HF,HSI20000R2.HF,2022-06-30,0.09863013698630137,0.0018702499916701256,561,852,757,655,0.1438067934810839,0.2807730652273752,0.2734485790059543,0.28380751,0.28020452,0.026768482380070235,0.012849972909714236
16,2022-05-26,20116.2,HSI20200F2.HF,HSI20200R2.HF,HSI20000F2.HF,HSI20000R2.HF,2022-06-30,0.0958904109589041,0.001893406374308825,508,854,749,597,0.15156910960046788,0.27399875891224923,0.26387764454447726,0.26807893,0.27623292,0.03833275131151215,-0.029501325342571993
17,2022-05-27,20697.36,HSI20600F2.HF,HSI20600R2.HF,HSI20800F2.HF,HSI20800R2.HF,2022-06-30,0.09315068493150686,0.001879233134802025,613,644,747,532,0.03761449208112027,0.23858378919260992,0.26234357861708874,0.25964111,0.25574252999999997,-0.0905254481162362,0.015236244086551665
18,2022-05-30,21123.93,HSI21000F2.HF,HSI21000R2.HF,HSI21200F2.HF,HSI21200R2.HF,2022-06-30,0.08493150684931507,0.0019398173372052413,606,620,726,505,0.029069384366248355,0.23212437066169586,0.26870918033904495,0.25548365,0.25528014,-0.13609419886774599,0.000796834564923854
19,2022-05-31,21415.2,HSI21200F2.HF,HSI21200R2.HF,HSI21400F2.HF,HSI21400R2.HF,2022-06-30,0.0821917808219178,0.0019522930351695248,722,526,620,614,-0.08415779249186503,0.21178330750511143,0.28398232910054544,0.26527888,0.25884553,-0.25414631953889866,0.02484218012570949
20,2022-06-01,21294.94,HSI21400G2.HF,HSI21400S2.HF,HSI21200G2.HF,HSI21200S2.HF,2022-07-31,0.1643835616438356,0.002283091761432877,640,1042,938,732,0.09428599441628008,0.24389272395953626,0.23716521239832306,0.24770945,0.24739737,0.028343562683287304,0.0012603930887327142
21,2022-06-02,21082.13,HSI21000G2.HF,HSI21000S2.HF,HSI21200G2.HF,HSI21200S2.HF,2022-07-31,0.16164383561643836,0.0023923360806747925,742,903,1010,648,0.05997382292969738,0.23752826919977624,0.25181951146212783,0.25257349,0.25207442,-0.056707510748203904,0.0019781527679663125
22,2022-06-06,21653.9,HSI21400G2.HF,HSI21400S2.HF,HSI21600G2.HF,HSI21600S2.HF,2022-07-31,0.1506849315068493,0.0023656995249534125,869,778,878,765,-0.019820496828980426,0.2078632129562307,0.27936208745376573,0.25296778,0.25258399,-0.25577350266809473,0.0015182353174498786
23,2022-06-07,21531.67,HSI21600G2.HF,HSI21600S2.HF,HSI21400G2.HF,HSI21400S2.HF,2022-07-31,0.14794520547945206,0.002477927400530147,640,981,873,732,0.09718654977567676,0.246869367162619,0.23856668638103515,0.24817396,0.2511113,0.03477664581756712,-0.011688430834504215
24,2022-06-08,22014.59,HSI22000G2.HF,HSI22000S2.HF,HSI21800G2.HF,HSI21800S2.HF,2022-07-31,0.14520547945205478,0.0025948305135179172,678,931,828,775,0.050537047733903315,0.2236127168111002,0.25821378438456377,0.24784026999999997,0.25106084,-0.13391429739409055,-0.012818253193358387
25,2022-06-09,21869.05,HSI22000G2.HF,HSI22000S2.HF,HSI21800G2.HF,HSI21800S2.HF,2022-07-31,0.14246575342465753,0.0026732237513932026,632,948,841,726,0.09271006638973808,0.2502182067695979,0.22103500052552696,0.24507052000000001,0.24509530999999998,0.13193740978835256,-0.00010107222364874602
26,2022-06-10,21806.18,HSI21600G2.HF,HSI21600S2.HF,HSI21800G2.HF,HSI21800S2.HF,2022-07-31,0.13972602739726028,0.0026874854736441433,771,802,903,673,0.04131121428877497,0.22499944477973233,0.2622003331404532,0.25666855,0.24918502,-0.14178911131139293,0.030009327840078148
27,2022-06-13,21067.58,HSI21200G2.HF,HSI21200S2.HF,HSI21000G2.HF,HSI21000S2.HF,2022-07-31,0.13150684931506848,0.003086930523553221,621,1033,931,713,0.13024385479235792,0.27724053188490644,0.2535871472249529,0.27582805,0.27798847,0.09319998084400449,-0.007765114371977022
28,2022-06-14,21067.99,HSI21000G2.HF,HSI21000S2.HF,HSI20800G2.HF,HSI20800S2.HF,2022-07-31,0.12876712328767123,0.00381591014535388,709,909,809,809,0.05390028606631021,0.24748819469156386,0.29176088782627574,0.27555813,0.27288275,-0.1516344440350993,0.009796190471397237
29,2022-05-03,21101.89,HSI21000G2.HF,HSI21000S2.HF,HSI20800G2.HF,HSI20800S2.HF,2022-07-31,0.24383561643835616,0.004852598992967672,924,1284,1184,1018,0.07477056719779931,0.25494210472996054,0.28079345938880995,0.27044617,0.0,-0.09193768505761746,inf
30,2022-05-04,20869.52,HSI21000G2.HF,HSI21000S2.HF,HSI20800G2.HF,HSI20800S2.HF,2022-07-31,0.2410958904109589,0.004901379030711842,788,1398,1287,876,0.11224681252008603,0.26913234207786796,0.25561261985052647,0.26853449,0.0,0.05281645721773387,inf
31,2022-05-05,20793.4,HSI21000G2.HF,HSI21000S2.HF,HSI21200G2.HF,HSI21200S2.HF,2022-07-31,0.23835616438356164,0.0048676760431250665,730,1411,1534,654,0.14265433130608313,0.27879809102454484,0.22651996778769387,0.26283952,0.0,0.23046544179230888,inf
32,2022-05-06,20001.96,HSI20200G2.HF,HSI20200S2.HF,HSI20000G2.HF,HSI20000S2.HF,2022-07-31,0.2356164383561644,0.004861108070153409,782,1411,1305,873,0.12716819347914485,0.29337141154873453,0.256177647255628,0.2845123,0.28443588,0.14495775243679887,0.0002682454599414186
33,2022-05-10,19633.69,HSI19400G2.HF,HSI19400S2.HF,HSI19600G2.HF,HSI19600S2.HF,2022-07-31,0.22465753424657534,0.004850179446517266,978,1220,1325,883,0.07564147911880342,0.27788790114870315,0.3234090587773106,0.0,0.30929212,-0.1405340866809226,-1.0
34,2022-05-11,19824.57,HSI19800G2.HF,HSI19800S2.HF,HSI19600G2.HF,HSI19600S2.HF,2022-07-31,0.2219178082191781,0.004869402298426484,903,1258,1158,1004,0.06806406453205711,0.2773700126436393,0.30565281732818517,0.29757814,0.29605498,-0.09239416571938197,0.00513645694750875
35,2022-05-12,19380.34,HSI19600G2.HF,HSI19600S2.HF,HSI19400G2.HF,HSI19400S2.HF,2022-07-31,0.2191780821917808,0.005015561286999156,768,1450,1341,850,0.14476739542547384,0.31424135932752373,0.27866478362002844,0.30104844,0.29906653,0.12745093253087036,0.006616060385120193
36,2022-05-13,19898.77,HSI19800G2.HF,HSI19800S2.HF,HSI19600G2.HF,HSI19600S2.HF,2022-07-31,0.21643835616438356,0.00520230378056816,882,1220,1120,981,0.07541824144496892,0.2683195314498277,0.30599256931402946,0.29273852,0.29797325,-0.12294648081243997,-0.017540405360443545
37,2022-05-16,19950.21,HSI20000G2.HF,HSI20000S2.HF,HSI20200G2.HF,HSI20200S2.HF,2022-07-31,0.20821917808219179,0.00525000300282763,825,1218,1346,739,0.10429663922671999,0.28874048493683163,0.2707432173094223,0.29036764000000004,0.27839007,0.06638045739200638,0.04296280647516881
38,2022-05-17,20602.52,HSI20400G2.HF,HSI20400S2.HF,HSI20200G2.HF,HSI20200S2.HF,2022-07-31,0.2054794520547945,0.005297099100958548,932,1089,993,1038,0.04149423166920885,0.24592040839768253,0.302088372189236,0.27881146,0.27777068,-0.18571777730927708,0.0037419282250445995
39,2022-05-18,20644.28,HSI20600G2.HF,HSI20600S2.HF,HSI20800G2.HF,HSI20800S2.HF,2022-07-31,0.20273972602739726,0.005363844052450727,772,1198,1307,688,0.10700668222716293,0.25907847027271796,0.272815091109227,0.27180635,0.27500247,-0.05029280960225313,-0.0116075656086021
40,2022-05-19,20120.68,HSI20200G2.HF,HSI20200S2.HF,HSI20000G2.HF,HSI20000S2.HF,2022-07-31,0.2,0.005495307780039172,761,1250,1143,852,0.10709616565882032,0.27681523866655317,0.2783893521256477,0.28641173999999997,0.2768116,-0.005647121347948314,0.03463453780051484
41,2022-05-20,20717.24,HSI20600G2.HF,HSI20600S2.HF,HSI20400G2.HF,HSI20400S2.HF,2022-07-31,0.19726027397260273,0.005528717728302096,830,1137,1039,929,0.08105384062217835,0.25400660715255863,0.2866991055256965,0.28349182,0.27500247,-0.11390202514022663,0.03082993555795821
42,2022-05-23,20470.06,HSI20600G2.HF,HSI20600S2.HF,HSI20400G2.HF,HSI20400S2.HF,2022-07-31,0.18904109589041096,0.005566920349590683,724,1224,1114,814,0.11038581973412001,0.2744541757347615,0.26541709044036965,0.28349182,0.27500247,0.03400889979035626,0.03083160765476234
43,2022-05-24,20112.1,HSI20200G2.HF,HSI20200S2.HF,HSI20400G2.HF,HSI20400S2.HF,2022-07-31,0.1863013698630137,0.005579420523172646,747,1152,1273,664,0.1295946041727808,0.29095470364272963,0.24837009644650232,0.27960697,0.28163834,0.17124752119124165,-0.007203907886063621
44,2022-05-25,20171.27,HSI20200G2.HF,HSI20200S2.HF,HSI20000G2.HF,HSI20000S2.HF,2022-07-31,0.18356164383561643,0.005604540266636309,728,1127,1021,825,0.10741154090129676,0.2680759910731951,0.2672496782359502,0.27317225,0.28163834,0.0030885210989757272,-0.030025317920568173
45,2022-05-26,20116.2,HSI20200G2.HF,HSI20200S2.HF,HSI20000G2.HF,HSI20000S2.HF,2022-07-31,0.18082191780821918,0.005630158246119323,678,1140,1030,768,0.11545129027092785,0.2653746640298598,0.26027148143903944,0.26914448,0.26878109,0.01958655449913782,0.0013505183163344814
46,2022-05-27,20697.36,HSI20600G2.HF,HSI20600S2.HF,HSI20800G2.HF,HSI20800S2.HF,2022-07-31,0.1780821917808219,0.0056116916307793335,803,951,1045,709,0.05711273940951788,0.24540684532291357,0.26178723194136766,0.26141767,0.25994648000000004,-0.06251360453437405,0.005653866794248286
47,2022-05-30,21123.93,HSI21000G2.HF,HSI21000S2.HF,HSI21200G2.HF,HSI21200S2.HF,2022-07-31,0.16986301369863013,0.005626096657918718,784,912,1016,689,0.048744261714903356,0.23188019131755228,0.2602939622224634,0.25323573,0.24955775,-0.10907216811759557,0.014724715048658688
48,2022-05-31,21415.2,HSI21200G2.HF,HSI21200S2.HF,HSI21400G2.HF,HSI21400S2.HF,2022-07-31,0.16712328767123288,0.00561927184013527,897,810,905,788,-0.00593148691888898,0.21933938308312997,0.2684892937237529,0.25459273,0.25013731,-0.18292460744773242,0.017795964507461237
49,2022-06-01,21294.94,HSI21400H2.HF,HSI21400T2.HF,HSI21200H2.HF,HSI21200T2.HF,2022-08-31,0.2493150684931507,0.005772760391912811,818,1275,1159,912,0.07420660098490867,0.2456837780846016,0.24383744016556314,0.25852093,0.24913375999999998,0.007562548017112869,0.03762789654579879
50,2022-06-02,21082.13,HSI21000H2.HF,HSI21000T2.HF,HSI21200H2.HF,HSI21200T2.HF,2022-08-31,0.2465753424657534,0.00582607655346675,922,1118,1228,826,0.051330431531929184,0.2409212654829552,0.2513787698144507,0.24973851,0.25084506,-0.041549918303878,-0.004405625823804993
51,2022-06-06,21653.9,HSI21400H2.HF,HSI21400T2.HF,HSI21600H2.HF,HSI21600T2.HF,2022-08-31,0.2356164383561644,0.005817538191654639,1047,997,1090,950,-0.0031015125602825754,0.21354192990706794,0.2738300764195848,0.24507363000000001,0.24913375999999998,-0.21994139249711353,-0.016277619578054514
52,2022-06-07,21531.67,HSI21600H2.HF,HSI21600T2.HF,HSI21400H2.HF,HSI21400T2.HF,2022-08-31,0.2328767123287671,0.0058608508706215305,819,1198,1101,915,0.07503460222807715,0.2461004420278406,0.23799211330391393,0.23589743,0.26030868,0.03403037131318576,-0.09367161887457687
53,2022-06-08,22014.59,HSI22000H2.HF,HSI22000T2.HF,HSI21800H2.HF,HSI21800T2.HF,2022-08-31,0.23013698630136986,0.005908528398573366,860,1161,1061,955,0.046636475681898916,0.22756910684460455,0.254076378618715,0.24125438,0.24182835,-0.10421835611447106,-0.00237080904171616
54,2022-06-09,21869.05,HSI22000H2.HF,HSI22000T2.HF,HSI21800H2.HF,HSI21800T2.HF,2022-08-31,0.2273972602739726,0.005964101558056169,818,1179,1075,913,0.07181152474039938,0.24909566575687495,0.2258526613590123,0.23894296,0.24182835,0.102796940798497,-0.011918580945819546
55,2022-06-10,21806.18,HSI21600H2.HF,HSI21600T2.HF,HSI21800H2.HF,HSI21800T2.HF,2022-08-31,0.22465753424657534,0.006118435387338954,967,1022,1123,867,0.03546537060679869,0.22908117240691167,0.2579774712023382,0.24764856000000002,0.24704637000000002,-0.11189399558118851,0.0024347645069340285
56,2022-06-13,21067.58,HSI21200H2.HF,HSI21200T2.HF,HSI21000H2.HF,HSI21000T2.HF,2022-08-31,0.21643835616438356,0.006396785425578716,807,1278,1171,902,0.09491295556136366,0.2711837429167369,0.2552298478172033,0.24720393999999998,0.25218233,0.06242752260724105,-0.01971926404984592
57,2022-06-14,21067.99,HSI21000H2.HF,HSI21000T2.HF,HSI20800H2.HF,HSI20800T2.HF,2022-08-31,0.2136986301369863,0.0072084401572450685,910,1150,1052,1011,0.04649326275664578,0.24982569336808272,0.2841528326835456,0.26872871,0.25672574000000004,-0.12066176472586976,0.04669530405037814
58,2022-06-01,21294.94,HSI21400I2.HF,HSI21400U2.HF,HSI21200I2.HF,HSI21200U2.HF,2022-09-30,0.3315068493150685,0.008954984174824432,938,1453,1343,1033,0.06944938953621763,0.2445188201759455,0.24214159480231626,0.2488842,0.0,0.009801374869913282,inf
59,2022-06-02,21082.13,HSI21000I2.HF,HSI21000U2.HF,HSI21200I2.HF,HSI21200U2.HF,2022-09-30,0.3287671232876712,0.008959146723128591,1039,1308,1412,946,0.05243804945052928,0.2402792413134355,0.2513667906830072,0.24963532,0.24758123,-0.044037711250684675,0.008282533351134491
60,2022-06-06,21653.9,HSI21400I2.HF,HSI21400U2.HF,HSI21600I2.HF,HSI21600U2.HF,2022-09-30,0.3178082191780822,0.008952110024216543,1164,1178,1275,1066,0.012384184673388705,0.21674985832564106,0.26752117204787806,0.24150366,0.24441116000000002,-0.1895206134393994,-0.011877463637874341
61,2022-06-07,21531.67,HSI21600I2.HF,HSI21600U2.HF,HSI21400I2.HF,HSI21400U2.HF,2022-09-30,0.3150684931506849,0.008952110024216543,941,1393,1281,1034,0.06914854960256708,0.24368950499824737,0.23953307197548904,0.24464969,0.24147232,0.01732542247963731,0.013137788755201774
62,2022-06-08,22014.59,HSI22000I2.HF,HSI22000U2.HF,HSI21800I2.HF,HSI21800U2.HF,2022-09-30,0.31232876712328766,0.008935558720302975,980,1348,1244,1076,0.048019395878775115,0.22661204461718168,0.25064820909643937,0.24111788,0.23879137,-0.09576111465921111,0.009728193648681493
63,2022-06-09,21869.05,HSI22000I2.HF,HSI22000U2.HF,HSI21800I2.HF,HSI21800U2.HF,2022-09-30,0.3095890410958904,0.008959146723128591,942,1368,1263,1039,0.06651475640999169,0.24580654471059332,0.22680896442240658,0.24242203,0.23879137,0.08363483027378926,0.015181452497615933
64,2022-06-10,21806.18,HSI21600I2.HF,HSI21600U2.HF,HSI21800I2.HF,HSI21800U2.HF,2022-09-30,0.30684931506849317,0.009157937784765724,1091,1206,1310,991,0.04012783804087251,0.22936348262049921,0.25356380454952904,0.24257691999999997,0.24481834,-0.09530566782248995,-0.009141610235097408
65,2022-06-13,21067.58,HSI21200I2.HF,HSI21200U2.HF,HSI21000I2.HF,HSI21000U2.HF,2022-09-30,0.29863013698630136,0.009363128780801097,932,1467,1360,1022,0.08461437139870834,0.26609653978541065,0.251702098700906,0.2455077,0.24351211,0.05709042696750921,0.008182798924913692
66,2022-06-14,21067.99,HSI21000I2.HF,HSI21000U2.HF,HSI20800I2.HF,HSI20800U2.HF,2022-09-30,0.2958904109589041,0.010330357643740051,1028,1343,1242,1141,0.048375785566208626,0.2454068065345162,0.27817439717716247,0.26039207999999997,0.25972111999999997,-0.11760863920925735,0.002579075702189515
67,2022-05-03,21101.89,HSI21000I2.HF,HSI21000U2.HF,HSI20800I2.HF,HSI20800U2.HF,2022-09-30,0.410958904109589,0.009226140097472689,1174,1604,1500,1274,0.05774006016944533,0.24975710017325944,0.2718697300322856,0.25657610999999997,0.0,-0.08115409422897146,inf
68,2022-05-04,20869.52,HSI21000I2.HF,HSI21000U2.HF,HSI20800I2.HF,HSI20800U2.HF,2022-09-30,0.40821917808219177,0.009394111185184455,1031,1709,1611,1126,0.08171036277012625,0.26129027565686036,0.2501579711446001,0.25657610999999997,0.0,0.04440004062202907,inf
69,2022-05-05,20793.4,HSI21000I2.HF,HSI21000U2.HF,HSI21200I2.HF,HSI21200U2.HF,2022-09-30,0.4054794520547945,0.009522255443582761,973,1736,1854,896,0.10016630308202759,0.26962887004258146,0.2312439637000748,0.25657610999999997,0.0,0.16561476099918404,inf
70,2022-05-06,20001.96,HSI20200I2.HF,HSI20200U2.HF,HSI20000I2.HF,HSI20000U2.HF,2022-09-30,0.40273972602739727,0.009658046918257614,1028,1749,1640,1117,0.09279700543383214,0.28398466597917016,0.2564691140076875,0.2668343,0.26418986,0.10701001322716253,0.009985841858602962
71,2022-05-10,19633.69,HSI19400I2.HF,HSI19400U2.HF,HSI19600I2.HF,HSI19600U2.HF,2022-09-30,0.3917808219178082,0.009838947512560425,1244,1573,1672,1139,0.06260266659810641,0.27632020523679635,0.3101418422286341,0.0,0.29044787,-0.10876395365012892,-1.0
72,2022-05-11,19824.57,HSI19800I2.HF,HSI19800U2.HF,HSI19600I2.HF,HSI19600U2.HF,2022-09-30,0.38904109589041097,0.010037252167910377,1166,1606,1513,1263,0.05871290862444774,0.2741188847359158,0.2936244534883006,0.27250393,0.0,-0.06626290074759011,inf
73,2022-05-12,19380.34,HSI19600I2.HF,HSI19600U2.HF,HSI19400I2.HF,HSI19400U2.HF,2022-09-30,0.3863013698630137,0.010413074855754021,1020,1806,1696,1105,0.10346973726475117,0.3018745131420672,0.2767366204519976,0.28537514999999997,0.28921471,0.09058180881003608,-0.013240809321726554
74,2022-05-13,19898.77,HSI19800I2.HF,HSI19800U2.HF,HSI19600I2.HF,HSI19600U2.HF,2022-09-30,0.3835616438356164,0.010921929105724242,1152,1576,1479,1250,0.06253544043231583,0.2674555720147958,0.2953575601015776,0.29215251,0.29077894,-0.09424144829140102,0.00471091731957074
75,2022-05-16,19950.21,HSI20000I2.HF,HSI20000U2.HF,HSI20200I2.HF,HSI20200U2.HF,2022-09-30,0.37534246575342467,0.011191953160416592,1102,1593,1704,1010,0.07809837198444362,0.2827656166140051,0.2719046113225098,0.2857673,0.275016,0.0398462949469105,0.03899548516244078
76,2022-05-17,20602.52,HSI20400I2.HF,HSI20400U2.HF,HSI20200I2.HF,HSI20200U2.HF,2022-09-30,0.3726027397260274,0.011488839510822623,1208,1449,1360,1314,0.043367168466483315,0.24877643881088882,0.28947547368241294,0.28412165,0.0,-0.14030372957983706,inf
77,2022-05-18,20644.28,HSI20600I2.HF,HSI20600U2.HF,HSI20800I2.HF,HSI20800U2.HF,2022-09-30,0.3698630136986301,0.01171734022931095,1055,1555,1666,965,0.0785591253658058,0.25852859890822905,0.2672085739644593,0.28165178999999996,0.0,-0.03241590813374262,inf
78,2022-05-19,20120.68,HSI20200I2.HF,HSI20200U2.HF,HSI20000I2.HF,HSI20000U2.HF,2022-09-30,0.36712328767123287,0.011861827511303805,1030,1613,1510,1123,0.08047840190449089,0.27126388044360195,0.2724711718369647,0.0,0.26353823,-0.004420907829170151,-1.0
79,2022-05-20,20717.24,HSI20600I2.HF,HSI20600U2.HF,HSI20400I2.HF,HSI20400U2.HF,2022-09-30,0.3643835616438356,0.011889603762791558,1107,1502,1411,1213,0.06459516500045062,0.2529792476716841,0.27747323990804307,0.26840953,0.0,-0.08809543466778169,inf
80,2022-05-23,20470.06,HSI20600I2.HF,HSI20600U2.HF,HSI20400I2.HF,HSI20400U2.HF,2022-09-30,0.3561643835616438,0.011964393675539704,1000,1582,1489,1089,0.08156611847738186,0.26854844447500337,0.25866375015973525,0.26840953,0.0,0.03813423212608558,inf
81,2022-05-24,20112.1,HSI20200I2.HF,HSI20200U2.HF,HSI20400I2.HF,HSI20400U2.HF,2022-09-30,0.35342465753424657,0.011989031767544121,1024,1530,1640,938,0.09079916007365127,0.28115520756274504,0.25243351512245854,0.0,0.27252619,0.11352811241634586,-1.0
82,2022-05-25,20171.27,HSI20200I2.HF,HSI20200U2.HF,HSI20000I2.HF,HSI20000U2.HF,2022-09-30,0.3506849315068493,0.011946374435778846,1016,1507,1408,1109,0.08001786363633177,0.2669062224687157,0.2644289040273978,0.0,0.27252619,0.009349164070420413,-1.0
83,2022-05-26,20116.2,HSI20200I2.HF,HSI20200U2.HF,HSI20000I2.HF,HSI20000U2.HF,2022-09-30,0.34794520547945207,0.01195228001048847,969,1519,1412,1061,0.08196632379451661,0.2640729204534203,0.26066842477044344,0.26429283000000003,0.27252619,0.013034420174821593,-0.030149169960678734
84,2022-05-27,20697.36,HSI20600I2.HF,HSI20600U2.HF,HSI20800I2.HF,HSI20800U2.HF,2022-09-30,0.3452054794520548,0.011935744752584963,1093,1330,1434,999,0.05252687273702087,0.24790107549388865,0.2577983266859028,0.25403244999999997,0.0,-0.03832227057639703,inf
85,2022-05-30,21123.93,HSI21000I2.HF,HSI21000U2.HF,HSI21200I2.HF,HSI21200U2.HF,2022-09-30,0.336986301369863,0.011925636777047135,1081,1303,1407,985,0.04716682578986373,0.2367362727747236,0.2569021388740362,0.24963532,0.0,-0.07836757196559518,inf
86,2022-05-31,21415.2,HSI21200I2.HF,HSI21200U2.HF,HSI21400I2.HF,HSI21400U2.HF,2022-09-30,0.33424657534246577,0.011913200842576206,1189,1211,1301,1085,0.019961634908096267,0.22697052970443074,0.263739582761777,0.24814607,0.0,-0.13919810644317787,inf
87,2022-06-01,21294.94,HSI21400L2.HF,HSI21400X2.HF,HSI21200L2.HF,HSI21200X2.HF,2022-12-31,0.5835616438356165,0.0167710760001982,1302,1758,1647,1402,0.04586937953799931,0.23835542267133225,0.23786552697691737,0.23844216,0.0,0.0020538708702562136,inf
88,2022-06-02,21082.13,HSI21000L2.HF,HSI21000X2.HF,HSI21200L2.HF,HSI21200X2.HF,2022-12-31,0.5808219178082191,0.01667214420778604,1414,1617,1720,1315,0.036369608480396845,0.23697080594471784,0.24444223203455115,0.24451453999999997,0.24249343,-0.030480906277514985,0.008310708467005767
89,2022-06-06,21653.9,HSI21400L2.HF,HSI21400X2.HF,HSI21600L2.HF,HSI21600X2.HF,2022-12-31,0.5698630136986301,0.016611265805196906,1527,1499,1604,1438,0.015000012719501963,0.2161482912001171,0.2542515657674261,0.23546213000000002,0.0,-0.1495029625440929,inf
90,2022-06-07,21531.67,HSI21600L2.HF,HSI21600X2.HF,HSI21400L2.HF,HSI21400X2.HF,2022-12-31,0.5671232876712329,0.016584906962600253,1302,1715,1605,1405,0.046134943640075546,0.2365521283396631,0.23509619003564372,0.23765816999999997,0.23821955,0.006176637453352507,-0.0023502744584805724
91,2022-06-08,22014.59,HSI22000L2.HF,HSI22000X2.HF,HSI21800L2.HF,HSI21800X2.HF,2022-12-31,0.5643835616438356,0.016416902191971252,1358,1677,1575,1463,0.033442212888193,0.22367684098413185,0.2429770277814946,0.23533271,0.0,-0.0792373521944506,inf
92,2022-06-09,21869.05,HSI22000L2.HF,HSI22000X2.HF,HSI21800L2.HF,HSI21800X2.HF,2022-12-31,0.5616438356164384,0.01632846211210911,1314,1696,1592,1408,0.044762914649647975,0.23904928959860822,0.22475542016592678,0.23477695,0.0,0.06343260871988732,inf
93,2022-06-10,21806.18,HSI21600L2.HF,HSI21600X2.HF,HSI21800L2.HF,HSI21800X2.HF,2022-12-31,0.5589041095890411,0.016314393614166364,1484,1527,1630,1381,0.027555244694050792,0.2269302006258652,0.24451448399207662,0.2393706,0.23544474999999998,-0.07173609597455943,0.01663010188594516
94,2022-06-13,21067.58,HSI21200L2.HF,HSI21200X2.HF,HSI21000L2.HF,HSI21000X2.HF,2022-12-31,0.5506849315068493,0.01649825228884693,1313,1782,1654,1412,0.04896744691334673,0.25272688227333184,0.24742055842494765,0.24540279,0.24292957999999998,0.02138444813289242,0.010152806101967338
95,2022-06-14,21067.99,HSI21000L2.HF,HSI21000X2.HF,HSI20800L2.HF,HSI20800X2.HF,2022-12-31,0.547945205479452,0.01808311055858392,1423,1650,1560,1523,0.03292992841979126,0.24084204910079168,0.2613945919561229,0.25393585,0.25010028,-0.07840959073331066,0.015291365925305112
96,2022-05-03,21101.89,HSI21000L2.HF,HSI21000X2.HF,HSI20800L2.HF,HSI20800X2.HF,2022-12-31,0.663013698630137,0.013689126417724936,1501,1861,1768,1600,0.0395250875104241,0.24224484952026626,0.2581057389652824,0.25232122,0.25153877999999996,-0.06124562841895942,0.003099704185727248
97,2022-05-04,20869.52,HSI21000L2.HF,HSI21000X2.HF,HSI20800L2.HF,HSI20800X2.HF,2022-12-31,0.6602739726027397,0.013828703822710259,1359,1968,1868,1455,0.053294969830522614,0.2518429681075002,0.2438334352959787,0.25232122,0.25153877999999996,0.03273572454790408,0.003099749203530733
98,2022-05-05,20793.4,HSI21000L2.HF,HSI21000X2.HF,HSI21200L2.HF,HSI21200X2.HF,2022-12-31,0.6575342465753424,0.014373952537608582,1297,1992,2105,1208,0.06601179009805559,0.2596078526364885,0.2287437358748073,0.25232122,0.2437182,0.1344608419436777,0.03517817330669537
99,2022-05-06,20001.96,HSI20200L2.HF,HSI20200X2.HF,HSI20000L2.HF,HSI20000X2.HF,2022-12-31,0.6547945205479452,0.014675934259096324,1352,1999,1894,1450,0.05977745855094619,0.27064872708742344,0.2503456858610884,0.25777021,0.25657904,0.08078853237113992,0.004625738067255636
100,2022-05-10,19633.69,HSI19400L2.HF,HSI19400X2.HF,HSI19600L2.HF,HSI19600X2.HF,2022-12-31,0.6438356164383562,0.015471460965524554,1564,1812,1920,1458,0.0419743628206659,0.26337906531992167,0.28807409848835674,0.27378059,0.28115448,-0.08539106242192152,-0.02612045800591689
101,2022-05-11,19824.57,HSI19800L2.HF,HSI19800X2.HF,HSI19600L2.HF,HSI19600X2.HF,2022-12-31,0.6410958904109589,0.01592390164449809,1490,1866,1767,1560,0.042027054880405104,0.2638850529798009,0.2760059837115527,0.27246375,0.27078717,-0.043748580931289416,0.006167063117693106
102,2022-05-12,19380.34,HSI19600L2.HF,HSI19600X2.HF,HSI19400L2.HF,HSI19400X2.HF,2022-12-31,0.6383561643835617,0.016507362316599095,1344,2048,1941,1438,0.06572055382468606,0.28464441052849265,0.2666095746056708,0.2745766,0.27619405,0.06736329034969679,-0.005832690356990411
103,2022-05-13,19898.77,HSI19800L2.HF,HSI19800X2.HF,HSI19600L2.HF,HSI19600X2.HF,2022-12-31,0.6356164383561644,0.017323336349218843,1478,1831,1732,1579,0.042321582629627784,0.2558215211826511,0.2786522899479423,0.27205321,0.27078717,-0.08163653311208507,0.0046571484000548224
104,2022-05-16,19950.21,HSI20000L2.HF,HSI20000X2.HF,HSI20200L2.HF,HSI20200X2.HF,2022-12-31,0.6273972602739726,0.01826954145083521,1443,1871,1953,1349,0.051241373375488695,0.2692387696425347,0.26513916368525037,0.2713647,0.2692257,0.015404024927373694,0.007914585485959247
105,2022-05-17,20602.52,HSI20400L2.HF,HSI20400X2.HF,HSI20200L2.HF,HSI20200X2.HF,2022-12-31,0.6246575342465753,0.018963865057108488,1537,1721,1636,1643,0.03367350066863844,0.24098509806396184,0.27227120153402073,0.26849582,0.2594113,-0.11453838287995366,0.03489075679015108
106,2022-05-18,20644.28,HSI20600L2.HF,HSI20600X2.HF,HSI20800L2.HF,HSI20800X2.HF,2022-12-31,0.6219178082191781,0.01918658592786241,1407,1828,1933,1320,0.05220090359038895,0.2502642318203983,0.25824560404961205,0.25699586,0.25346938,-0.030804340085026527,0.013865612565073127
107,2022-05-19,20120.68,HSI20200L2.HF,HSI20200X2.HF,HSI20000L2.HF,HSI20000X2.HF,2022-12-31,0.6191780821917808,0.019203730425410025,1387,1882,1793,1492,0.052925174331286684,0.26219315984201075,0.26313822511330903,0.26630981,0.25948055,-0.003578772026379684,0.026224030392659525
108,2022-05-20,20717.24,HSI20600L2.HF,HSI20600X2.HF,HSI20400L2.HF,HSI20400X2.HF,2022-12-31,0.6164383561643836,0.01917240498072577,1457,1792,1693,1567,0.04454251407913284,0.24558892768229929,0.2667083289931881,0.25759888,0.25957862,-0.07892980288399032,-0.0076006830811766735
109,2022-05-23,20470.06,HSI20600L2.HF,HSI20600X2.HF,HSI20400L2.HF,HSI20400X2.HF,2022-12-31,0.6082191780821918,0.019150519295130723,1360,1863,1764,1441,0.05370002142123969,0.25964210834742546,0.25214698958991605,0.25991007,0.25390778,0.029625232683536007,0.023559750077541297
110,2022-05-24,20112.1,HSI20200L2.HF,HSI20200X2.HF,HSI20400L2.HF,HSI20400X2.HF,2022-12-31,0.6054794520547945,0.01915564046561151,1384,1830,1937,1292,0.060687253695804425,0.2719866381582097,0.2496034949354075,0.25941563,0.25590356,0.08935433860927455,0.013677970877385981
111,2022-05-25,20171.27,HSI20200L2.HF,HSI20200X2.HF,HSI20000L2.HF,HSI20000X2.HF,2022-12-31,0.6027397260273972,0.019004515266988244,1372,1810,1705,1496,0.05109805273525171,0.2566870435971726,0.261235443631324,0.26380166,0.25590356,-0.017353058553546075,0.0307574623468283
112,2022-05-26,20116.2,HSI20200L2.HF,HSI20200X2.HF,HSI20000L2.HF,HSI20000X2.HF,2022-12-31,0.6,0.018960826259934633,1320,1815,1705,1433,0.05295912567705746,0.25469162796277667,0.2564441088108374,0.26380166,0.25590356,-0.00681156101952507,0.030757944023375616
113,2022-05-27,20697.36,HSI20600L2.HF,HSI20600X2.HF,HSI20800L2.HF,HSI20800X2.HF,2022-12-31,0.5972602739726027,0.01895913440114604,1442,1635,1741,1350,0.03893751110173346,0.2423350080509148,0.24981020853644442,0.24836121,0.25760475,-0.02983480926466331,-0.035770569569304356
114,2022-05-30,21123.93,HSI21000L2.HF,HSI21000X2.HF,HSI21200L2.HF,HSI21200X2.HF,2022-12-31,0.589041095890411,0.018987998685902265,1431,1625,1714,1350,0.03453540809266927,0.23103617240902904,0.2509926928922514,0.24605892999999998,0.24214521,-0.07929326131294745,0.01611510241115366
115,2022-05-31,21415.2,HSI21200L2.HF,HSI21200X2.HF,HSI21400L2.HF,HSI21400X2.HF,2022-12-31,0.5863013698630137,0.01900734778616421,1561,1529,1622,1452,0.019893754140164425,0.22683828954947854,0.2533751314058647,0.2434316,0.0,-0.10445497736029874,inf
116,2022-06-01,21294.94,HSI21400C3.HF,HSI21400O3.HF,HSI21200C3.HF,HSI21200O3.HF,2023-03-31,0.8301369863013699,0.022216335249758336,1564,1983,1847,1685,0.037886817755358716,0.2308995634923772,0.2369891728538377,0.0,0.0,-0.025599848039007278,
117,2022-06-02,21082.13,HSI21000C3.HF,HSI21000O3.HF,HSI21200C3.HF,HSI21200O3.HF,2023-03-31,0.8273972602739726,0.022089071401411836,1656,1860,1944,1578,0.033731643945384325,0.2301779583719896,0.24180111947930508,0.0,0.0,-0.04788932077368324,
118,2022-06-06,21653.9,HSI21400C3.HF,HSI21400O3.HF,HSI21600C3.HF,HSI21600O3.HF,2023-03-31,0.8164383561643835,0.021971103328645155,1779,1741,1831,1673,0.020362618638204568,0.21492072688878797,0.24653558123395247,0.0,0.0,-0.12780435323517825,
119,2022-06-07,21531.67,HSI21600C3.HF,HSI21600O3.HF,HSI21400C3.HF,HSI21400O3.HF,2023-03-31,0.8136986301369863,0.021971893650705544,1571,1925,1828,1672,0.03999341245148596,0.23194796673787924,0.22914717182134006,0.0,0.0,0.012178435088912476,
120,2022-06-08,22014.59,HSI22000C3.HF,HSI22000O3.HF,HSI21800C3.HF,HSI21800O3.HF,2023-03-31,0.810958904109589,0.021737983232639643,1648,1923,1796,1741,0.03027556898161327,0.22185502504668772,0.24005840167268927,0.23635622,0.23013727,-0.07556671769773127,0.026922261052871876
121,2022-06-09,21869.05,HSI22000C3.HF,HSI22000O3.HF,HSI21800C3.HF,HSI21800O3.HF,2023-03-31,0.8082191780821918,0.021593493326139718,1583,1932,1848,1683,0.04024277461541644,0.23491631723961753,0.2215899604803922,0.23635622,0.23013727,0.05992285104415207,0.026922600146680686
122,2022-06-10,21806.18,HSI21600C3.HF,HSI21600O3.HF,HSI21800C3.HF,HSI21800O3.HF,2023-03-31,0.8054794520547945,0.021312217534873387,1772,1781,1863,1673,0.025708861353189467,0.2243574600627585,0.24228543277770298,0.0,0.0,-0.07373560101191678,
123,2022-06-13,21067.58,HSI21200C3.HF,HSI21200O3.HF,HSI21000C3.HF,HSI21000O3.HF,2023-03-31,0.7972602739726027,0.021589977933724386,1600,2007,1873,1701,0.039780744570909424,0.2463449134243029,0.2434125198344402,0.0,0.0,0.01199880737859571,
124,2022-06-14,21067.99,HSI21000C3.HF,HSI21000O3.HF,HSI20800C3.HF,HSI20800O3.HF,2023-03-31,0.7945205479452054,0.023429811749596886,1717,1860,1748,1846,0.025352080485532526,0.23205438398862657,0.2564871545854606,0.0,0.0,-0.09490221908917873,
125,2022-05-03,21101.89,HSI21000C3.HF,HSI21000O3.HF,HSI20800C3.HF,HSI20800O3.HF,2023-03-31,0.9095890410958904,0.017660698640294095,1754,2050,1952,1857,0.03257199135840965,0.23583256036022793,0.2508277848021835,0.24741786000000002,0.23954273,-0.05952333871724724,0.03272584173947046
126,2022-05-04,20869.52,HSI21000C3.HF,HSI21000O3.HF,HSI20800C3.HF,HSI20800O3.HF,2023-03-31,0.9068493150684932,0.0178018207187022,1622,2156,2051,1720,0.04216204894359329,0.24558919693075162,0.23994590112343864,0.24741786000000002,0.23954273,0.02341326052064141,0.032726292215824015
127,2022-05-05,20793.4,HSI21000C3.HF,HSI21000O3.HF,HSI21200C3.HF,HSI21200O3.HF,2023-03-31,0.9041095890410958,0.01858872682416607,1512,2207,2316,1423,0.056203364864200335,0.251512014831536,0.22584205779673894,0.24741786000000002,0.23954273,0.1131502395594286,0.03272674269725817
128,2022-05-06,20001.96,HSI20200C3.HF,HSI20200O3.HF,HSI20000C3.HF,HSI20000O3.HF,2023-03-31,0.9013698630136986,0.01908822778858154,1569,2215,2112,1667,0.05201687046137081,0.26234209188147584,0.24522255227925643,0.0,0.23563457,0.06946386216785205,-1.0
129,2022-05-10,19633.69,HSI19400C3.HF,HSI19400O3.HF,HSI19600C3.HF,HSI19600O3.HF,2023-03-31,0.8904109589041096,0.02005173173946213,1793,2040,2140,1677,0.039400789447415464,0.2581482932187781,0.2788809720518638,0.0,0.0,-0.07396076393987494,
130,2022-05-11,19824.57,HSI19800C3.HF,HSI19800O3.HF,HSI19600C3.HF,HSI19600O3.HF,2023-03-31,0.8876712328767123,0.020533436244920426,1717,2081,1983,1817,0.03699307764334233,0.25452769533081104,0.26923183624643804,0.0,0.0,-0.05434638182023288,
131,2022-05-12,19380.34,HSI19600C3.HF,HSI19600O3.HF,HSI19400C3.HF,HSI19400O3.HF,2023-03-31,0.8849315068493151,0.021133679258932996,1567,2253,2150,1662,0.05588387947335007,0.2747635426916724,0.25949201193352284,0.0,0.0,0.05853381849293493,
132,2022-05-13,19898.77,HSI19800C3.HF,HSI19800O3.HF,HSI19600C3.HF,HSI19600O3.HF,2023-03-31,0.8821917808219178,0.021982067583344846,1716,2046,1951,1816,0.03891465408711505,0.2506430836308466,0.2697923399899245,0.0,0.0,-0.07063805030365722,
133,2022-05-16,19950.21,HSI20000C3.HF,HSI20000O3.HF,HSI20200C3.HF,HSI20200O3.HF,2023-03-31,0.873972602739726,0.02310818761571489,1682,2046,2149,1585,0.04462921797825916,0.2607591148475674,0.25389494829844433,0.0,0.0,0.026903600509545544,
134,2022-05-17,20602.52,HSI20400C3.HF,HSI20400O3.HF,HSI20200C3.HF,HSI20200O3.HF,2023-03-31,0.8712328767123287,0.023896542373734717,1806,1920,1827,1911,0.029923982707490256,0.23639834702396956,0.26430754508279736,0.0,0.0,-0.10514064185387129,
135,2022-05-18,20644.28,HSI20600C3.HF,HSI20600O3.HF,HSI20800C3.HF,HSI20800O3.HF,2023-03-31,0.8684931506849315,0.024038192443604462,1658,2033,2139,1559,0.045988897259383196,0.2455383843672505,0.25050353180770696,0.0,0.0,-0.019733460305855766,
136,2022-05-19,20120.68,HSI20200C3.HF,HSI20200O3.HF,HSI20000C3.HF,HSI20000O3.HF,2023-03-31,0.8657534246575342,0.023972963313214416,1636,2091,1991,1737,0.04536224626010335,0.2549665962143767,0.257157615048487,0.0,0.0,-0.008480083122363813,
137,2022-05-20,20717.24,HSI20600C3.HF,HSI20600O3.HF,HSI20400C3.HF,HSI20400O3.HF,2023-03-31,0.863013698630137,0.023913660949271196,1711,1985,1890,1813,0.03916967723971175,0.24011005871762522,0.2567920120458085,0.0,0.0,-0.06468464164057341,
138,2022-05-23,20470.06,HSI20600C3.HF,HSI20600O3.HF,HSI20400C3.HF,HSI20400O3.HF,2023-03-31,0.8547945205479452,0.02382284908988163,1602,2066,1966,1701,0.045058493541552676,0.25016080179320666,0.2468405136510601,0.0,0.0,0.013391689544286045,
139,2022-05-24,20112.1,HSI20200C3.HF,HSI20200O3.HF,HSI20400C3.HF,HSI20400O3.HF,2023-03-31,0.852054794520548,0.023809444293706183,1624,2034,2137,1528,0.05139519116798841,0.2626511248096267,0.24375303449216038,0.25272685,0.0,0.07716429001858915,inf
140,2022-05-25,20171.27,HSI20200C3.HF,HSI20200O3.HF,HSI20000C3.HF,HSI20000O3.HF,2023-03-31,0.8493150684931506,0.02366794174864337,1617,2008,1904,1722,0.04482859362822731,0.25035521760119894,0.25185626390957566,0.25272685,0.0,-0.00593346127091765,inf
141,2022-05-26,20116.2,HSI20200C3.HF,HSI20200O3.HF,HSI20000C3.HF,HSI20000O3.HF,2023-03-31,0.8465753424657534,0.02361550056265152,1579,2015,1915,1677,0.04569586919737835,0.25018903035202195,0.2485980318782345,0.25272685,0.0,0.006371761939132359,inf
142,2022-05-27,20697.36,HSI20600C3.HF,HSI20600O3.HF,HSI20800C3.HF,HSI20800O3.HF,2023-03-31,0.8438356164383561,0.023620662647512468,1699,1856,1955,1595,0.0360385742580992,0.2385043802324457,0.24408967583824243,0.0,0.0,-0.02278969095750505,
143,2022-05-30,21123.93,HSI21000C3.HF,HSI21000O3.HF,HSI21200C3.HF,HSI21200O3.HF,2023-03-31,0.8356164383561644,0.023633388691757507,1704,1834,1929,1594,0.03298936547710879,0.2302266940605095,0.24232481877371456,0.0,0.0,-0.04973640252514311,
144,2022-05-31,21415.2,HSI21200C3.HF,HSI21200O3.HF,HSI21400C3.HF,HSI21400O3.HF,2023-03-31,0.8328767123287671,0.02366707463701123,1748,1805,1846,1646,0.025985640414956775,0.21899593717720983,0.24912703534527042,0.0,0.0,-0.12051698496963126,
145,2022-06-01,21294.94,HSI21400F3.HF,HSI21400R3.HF,HSI21200F3.HF,HSI21200R3.HF,2023-06-30,1.0794520547945206,0.02556101590684534,1685,2236,2135,1785,0.046059281400096665,0.22962707202570387,0.22908714195491,0.0,0.0,0.0023457316372761383,
146,2022-06-02,21082.13,HSI21000F3.HF,HSI21000R3.HF,HSI21200F3.HF,HSI21200R3.HF,2023-06-30,1.0767123287671232,0.02549141541364809,1809,2103,2203,1708,0.04037772158290932,0.23007671430709742,0.23580740559683686,0.0,0.0,-0.02418577727094895,
147,2022-06-06,21653.9,HSI21400F3.HF,HSI21400R3.HF,HSI21600F3.HF,HSI21600R3.HF,2023-06-30,1.0657534246575342,0.025419372826406703,1900,1962,2056,1792,0.0288966441649569,0.21105283248076143,0.23808918873266485,0.0,0.0,-0.11307831084780695,
148,2022-06-07,21531.67,HSI21600F3.HF,HSI21600R3.HF,HSI21400F3.HF,HSI21400R3.HF,2023-06-30,1.063013698630137,0.025372966463033005,1682,2180,2080,1784,0.04547381322464544,0.22597103202003455,0.22459687237541853,0.0,0.0,0.006090796832711964,
149,2022-06-08,22014.59,HSI22000F3.HF,HSI22000R3.HF,HSI21800F3.HF,HSI21800R3.HF,2023-06-30,1.0602739726027397,0.02518956226115873,1759,2178,2079,1860,0.03891725484810659,0.21824624159428174,0.2324987209390401,0.0,0.0,-0.06103535205524313,
150,2022-06-09,21869.05,HSI22000F3.HF,HSI22000R3.HF,HSI21800F3.HF,HSI21800R3.HF,2023-06-30,1.0575342465753426,0.02514665583859687,1747,2210,2108,1846,0.04370075321554595,0.2317282853318576,0.22258973549069647,0.0,0.0,0.04086548401638579,
151,2022-06-10,21806.18,HSI21600F3.HF,HSI21600R3.HF,HSI21800F3.HF,HSI21800R3.HF,2023-06-30,1.0547945205479452,0.025130370418966853,1904,2046,2144,1802,0.035283303250747265,0.22301058700264198,0.23664024568081066,0.0,0.0,-0.057337501875476815,
152,2022-06-13,21067.58,HSI21200F3.HF,HSI21200R3.HF,HSI21000F3.HF,HSI21000R3.HF,2023-06-30,1.0465753424657533,0.025388662974015864,1724,2288,2186,1819,0.04837215469208016,0.2437067819260325,0.23728002280954397,0.0,0.0,0.02694696431608845,
153,2022-06-14,21067.99,HSI21000F3.HF,HSI21000R3.HF,HSI20800F3.HF,HSI20800R3.HF,2023-06-30,1.0438356164383562,0.0263735405025482,1885,2104,2008,1989,0.03318384988765086,0.23207735193181714,0.2490474979816397,0.0,0.0,-0.06780989329436804,
